This is pdfTeX, Version 3.141592653-2.6-1.40.24 (TeX Live 2022) (preloaded format=pdflatex 2023.3.12)  2 JUN 2024 13:28
entering extended mode
 restricted \write18 enabled.
 file:line:error style messages enabled.
 %&-line parsing enabled.
**"/Users/alpakpinar/Desktop/Boston University/Thesis/thesis_template/thesis.tex"
(/Users/alpakpinar/Desktop/Boston University/Thesis/thesis_template/thesis.tex
LaTeX2e <2021-11-15> patch level 1
L3 programming layer <2022-02-24> (/usr/local/texlive/2022/texmf-dist/tex/latex/base/report.cls
Document Class: report 2021/10/04 v1.4n Standard LaTeX document class
(/usr/local/texlive/2022/texmf-dist/tex/latex/base/size12.clo
File: size12.clo 2021/10/04 v1.4n Standard LaTeX file (size option)
)
\c@part=\count185
\c@chapter=\count186
\c@section=\count187
\c@subsection=\count188
\c@subsubsection=\count189
\c@paragraph=\count190
\c@subparagraph=\count191
\c@figure=\count192
\c@table=\count193
\abovecaptionskip=\skip47
\belowcaptionskip=\skip48
\bibindent=\dimen138
) (/usr/local/texlive/2022/texmf-dist/tex/latex/amsmath/amsmath.sty
Package: amsmath 2021/10/15 v2.17l AMS math features
\@mathmargin=\skip49

For additional information on amsmath, use the `?' option.
(/usr/local/texlive/2022/texmf-dist/tex/latex/amsmath/amstext.sty
Package: amstext 2021/08/26 v2.01 AMS text
 (/usr/local/texlive/2022/texmf-dist/tex/latex/amsmath/amsgen.sty
File: amsgen.sty 1999/11/30 v2.0 generic functions
\@emptytoks=\toks16
\ex@=\dimen139
)) (/usr/local/texlive/2022/texmf-dist/tex/latex/amsmath/amsbsy.sty
Package: amsbsy 1999/11/29 v1.2d Bold Symbols
\pmbraise@=\dimen140
) (/usr/local/texlive/2022/texmf-dist/tex/latex/amsmath/amsopn.sty
Package: amsopn 2021/08/26 v2.02 operator names
)
\inf@bad=\count194
LaTeX Info: Redefining \frac on input line 234.
\uproot@=\count195
\leftroot@=\count196
LaTeX Info: Redefining \overline on input line 399.
\classnum@=\count197
\DOTSCASE@=\count198
LaTeX Info: Redefining \ldots on input line 496.
LaTeX Info: Redefining \dots on input line 499.
LaTeX Info: Redefining \cdots on input line 620.
\Mathstrutbox@=\box50
\strutbox@=\box51
\big@size=\dimen141
LaTeX Font Info:    Redeclaring font encoding OML on input line 743.
LaTeX Font Info:    Redeclaring font encoding OMS on input line 744.
\macc@depth=\count199
\c@MaxMatrixCols=\count266
\dotsspace@=\muskip16
\c@parentequation=\count267
\dspbrk@lvl=\count268
\tag@help=\toks17
\row@=\count269
\column@=\count270
\maxfields@=\count271
\andhelp@=\toks18
\eqnshift@=\dimen142
\alignsep@=\dimen143
\tagshift@=\dimen144
\tagwidth@=\dimen145
\totwidth@=\dimen146
\lineht@=\dimen147
\@envbody=\toks19
\multlinegap=\skip50
\multlinetaggap=\skip51
\mathdisplay@stack=\toks20
LaTeX Info: Redefining \[ on input line 2938.
LaTeX Info: Redefining \] on input line 2939.
) (/usr/local/texlive/2022/texmf-dist/tex/latex/amsfonts/amsfonts.sty
Package: amsfonts 2013/01/14 v3.01 Basic AMSFonts support
\symAMSa=\mathgroup4
\symAMSb=\mathgroup5
LaTeX Font Info:    Redeclaring math symbol \hbar on input line 98.
LaTeX Font Info:    Overwriting math alphabet `\mathfrak' in version `bold'
(Font)                  U/euf/m/n --> U/euf/b/n on input line 106.
) (/usr/local/texlive/2022/texmf-dist/tex/latex/amsfonts/amssymb.sty
Package: amssymb 2013/01/14 v3.01 AMS font symbols
) (/usr/local/texlive/2022/texmf-dist/tex/latex/float/float.sty
Package: float 2001/11/08 v1.3d Float enhancements (AL)
\c@float@type=\count272
\float@exts=\toks21
\float@box=\box52
\@float@everytoks=\toks22
\@floatcapt=\box53
) (/usr/local/texlive/2022/texmf-dist/tex/latex/cite/chapterbib.sty
\c@inputfile=\count273
Package: chapterbib 2010/09/18  v 1.17
) (/usr/local/texlive/2022/texmf-dist/tex/latex/caption/caption.sty
Package: caption 2022/03/01 v3.6b Customizing captions (AR)
 (/usr/local/texlive/2022/texmf-dist/tex/latex/caption/caption3.sty
Package: caption3 2022/03/17 v2.3b caption3 kernel (AR)
 (/usr/local/texlive/2022/texmf-dist/tex/latex/graphics/keyval.sty
Package: keyval 2014/10/28 v1.15 key=value parser (DPC)
\KV@toks@=\toks23
)
\caption@tempdima=\dimen148
\captionmargin=\dimen149
\caption@leftmargin=\dimen150
\caption@rightmargin=\dimen151
\caption@width=\dimen152
\caption@indent=\dimen153
\caption@parindent=\dimen154
\caption@hangindent=\dimen155
Package caption Info: Standard document class detected.
)
\c@caption@flags=\count274
\c@continuedfloat=\count275
Package caption Info: float package is loaded.
) (/usr/local/texlive/2022/texmf-dist/tex/latex/fancyhdr/fancyhdr.sty
Package: fancyhdr 2021/01/28 v4.0.1 Extensive control of page headers and footers
\f@nch@headwidth=\skip52
\f@nch@O@elh=\skip53
\f@nch@O@erh=\skip54
\f@nch@O@olh=\skip55
\f@nch@O@orh=\skip56
\f@nch@O@elf=\skip57
\f@nch@O@erf=\skip58
\f@nch@O@olf=\skip59
\f@nch@O@orf=\skip60
) (/usr/local/texlive/2022/texmf-dist/tex/latex/fancybox/fancybox.sty
Package: fancybox 2010/05/15 1.4

Style option: `fancybox' v1.4 <2010/05/15> (tvz)
\@fancybox=\box54
\shadowsize=\dimen156
\@Sbox=\box55
\do@VerbBox=\toks24
\the@fancyput=\toks25
\this@fancyput=\toks26
\EndVerbatimTokens=\toks27
\Verbatim@Outfile=\write3
\Verbatim@Infile=\read2
) (/usr/local/texlive/2022/texmf-dist/tex/latex/base/ifthen.sty
Package: ifthen 2020/11/24 v1.1c Standard LaTeX ifthen package (DPC)
) (./bu_ece_thesis.sty (/usr/local/texlive/2022/texmf-dist/tex/latex/setspace/setspace.sty
Package: setspace 2011/12/19 v6.7a set line spacing
)
\degree=\count276
\numadvisors=\count277
\@approvalreader=\box56
) (/usr/local/texlive/2022/texmf-dist/tex/latex/url/url.sty
\Urlmuskip=\muskip17
Package: url 2013/09/16  ver 3.4  Verb mode for urls, etc.
) (/usr/local/texlive/2022/texmf-dist/tex/latex/graphics/lscape.sty
Package: lscape 2020/05/28 v3.02 Landscape Pages (DPC)
 (/usr/local/texlive/2022/texmf-dist/tex/latex/graphics/graphics.sty
Package: graphics 2021/03/04 v1.4d Standard LaTeX Graphics (DPC,SPQR)
 (/usr/local/texlive/2022/texmf-dist/tex/latex/graphics/trig.sty
Package: trig 2021/08/11 v1.11 sin cos tan (DPC)
) (/usr/local/texlive/2022/texmf-dist/tex/latex/graphics-cfg/graphics.cfg
File: graphics.cfg 2016/06/04 v1.11 sample graphics configuration
)
Package graphics Info: Driver file: pdftex.def on input line 107.
 (/usr/local/texlive/2022/texmf-dist/tex/latex/graphics-def/pdftex.def
File: pdftex.def 2020/10/05 v1.2a Graphics/color driver for pdftex
))) (/usr/local/texlive/2022/texmf-dist/tex/latex/tools/afterpage.sty
Package: afterpage 2014/10/28 v1.08 After-Page Package (DPC)
\AP@output=\toks28
\AP@partial=\box57
\AP@footins=\box58
) (/usr/local/texlive/2022/texmf-dist/tex/latex/tools/xspace.sty
Package: xspace 2014/10/28 v1.13 Space after command names (DPC,MH)
) (/usr/local/texlive/2022/texmf-dist/tex/latex/epstopdf-pkg/epstopdf.sty
Package: epstopdf 2020-01-24 v2.11 Conversion with epstopdf on the fly (HO)
 (/usr/local/texlive/2022/texmf-dist/tex/generic/infwarerr/infwarerr.sty
Package: infwarerr 2019/12/03 v1.5 Providing info/warning/error messages (HO)
) (/usr/local/texlive/2022/texmf-dist/tex/latex/grfext/grfext.sty
Package: grfext 2019/12/03 v1.3 Manage graphics extensions (HO)
 (/usr/local/texlive/2022/texmf-dist/tex/generic/kvdefinekeys/kvdefinekeys.sty
Package: kvdefinekeys 2019-12-19 v1.6 Define keys (HO)
)) (/usr/local/texlive/2022/texmf-dist/tex/latex/kvoptions/kvoptions.sty
Package: kvoptions 2020-10-07 v3.14 Key value format for package options (HO)
 (/usr/local/texlive/2022/texmf-dist/tex/generic/ltxcmds/ltxcmds.sty
Package: ltxcmds 2020-05-10 v1.25 LaTeX kernel commands for general use (HO)
) (/usr/local/texlive/2022/texmf-dist/tex/generic/kvsetkeys/kvsetkeys.sty
Package: kvsetkeys 2019/12/15 v1.18 Key value parser (HO)
)) (/usr/local/texlive/2022/texmf-dist/tex/generic/pdftexcmds/pdftexcmds.sty
Package: pdftexcmds 2020-06-27 v0.33 Utility functions of pdfTeX for LuaTeX (HO)
 (/usr/local/texlive/2022/texmf-dist/tex/generic/iftex/iftex.sty
Package: iftex 2022/02/03 v1.0f TeX engine tests
)
Package pdftexcmds Info: \pdf@primitive is available.
Package pdftexcmds Info: \pdf@ifprimitive is available.
Package pdftexcmds Info: \pdfdraftmode found.
) (/usr/local/texlive/2022/texmf-dist/tex/latex/epstopdf-pkg/epstopdf-base.sty
Package: epstopdf-base 2020-01-24 v2.11 Base part for package epstopdf
Package epstopdf-base Info: Redefining graphics rule for `.eps' on input line 485.
Package grfext Info: Graphics extension search list:
(grfext)             [.pdf,.png,.jpg,.mps,.jpeg,.jbig2,.jb2,.PDF,.PNG,.JPG,.JPEG,.JBIG2,.JB2,.eps]
(grfext)             \AppendGraphicsExtensions on input line 504.
 (/usr/local/texlive/2022/texmf-dist/tex/latex/latexconfig/epstopdf-sys.cfg
File: epstopdf-sys.cfg 2010/07/13 v1.3 Configuration of (r)epstopdf for TeX Live
))) (/usr/local/texlive/2022/texmf-dist/tex/latex/subfig/subfig.sty
Package: subfig 2005/06/28 ver: 1.3 subfig package
\c@KVtest=\count278
\sf@farskip=\skip61
\sf@captopadj=\dimen157
\sf@capskip=\skip62
\sf@nearskip=\skip63
\c@subfigure=\count279
\c@subfigure@save=\count280
\c@lofdepth=\count281
\c@subtable=\count282
\c@subtable@save=\count283
\c@lotdepth=\count284
\sf@top=\skip64
\sf@bottom=\skip65
) (/usr/local/texlive/2022/texmf-dist/tex/latex/cite/cite.sty
LaTeX Info: Redefining \cite on input line 302.
LaTeX Info: Redefining \nocite on input line 332.
Package: cite 2015/02/27  v 5.5
) (/usr/local/texlive/2022/texmf-dist/tex/latex/graphics/rotating.sty
Package: rotating 2016/08/11 v2.16d rotated objects in LaTeX
 (/usr/local/texlive/2022/texmf-dist/tex/latex/graphics/graphicx.sty
Package: graphicx 2021/09/16 v1.2d Enhanced LaTeX Graphics (DPC,SPQR)
\Gin@req@height=\dimen158
\Gin@req@width=\dimen159
)
\c@r@tfl@t=\count285
\rotFPtop=\skip66
\rotFPbot=\skip67
\rot@float@box=\box59
\rot@mess@toks=\toks29
) (/usr/local/texlive/2022/texmf-dist/tex/latex/appendix/appendix.sty
Package: appendix 2020/02/08 v1.2c extra appendix facilities
\c@@pps=\count286
\c@@ppsavesec=\count287
\c@@ppsaveapp=\count288
) (/usr/local/texlive/2022/texmf-dist/tex/latex/multirow/multirow.sty
Package: multirow 2021/03/15 v2.8 Span multiple rows of a table
\multirow@colwidth=\skip68
\multirow@cntb=\count289
\multirow@dima=\skip69
\bigstrutjot=\dimen160
) (/usr/local/texlive/2022/texmf-dist/tex/latex/l3backend/l3backend-pdftex.def
File: l3backend-pdftex.def 2022-02-07 L3 backend support: PDF output (pdfTeX)
\l__color_backend_stack_int=\count290
\l__pdf_internal_box=\box60
) (./thesis.aux (./commands.aux) (./0_Prelim/prelim.aux) (./1_TheoreticalBackground/theory.aux) (./2_Experimental_Apparatus/apparatus.aux) (./3_DataAnalysisStrategy/strategy.aux) (./4_Results/results.aux) (./5_Outlook/outlook.aux))
\openout1 = `thesis.aux'.

LaTeX Font Info:    Checking defaults for OML/cmm/m/it on input line 66.
LaTeX Font Info:    ... okay on input line 66.
LaTeX Font Info:    Checking defaults for OMS/cmsy/m/n on input line 66.
LaTeX Font Info:    ... okay on input line 66.
LaTeX Font Info:    Checking defaults for OT1/cmr/m/n on input line 66.
LaTeX Font Info:    ... okay on input line 66.
LaTeX Font Info:    Checking defaults for T1/cmr/m/n on input line 66.
LaTeX Font Info:    ... okay on input line 66.
LaTeX Font Info:    Checking defaults for TS1/cmr/m/n on input line 66.
LaTeX Font Info:    ... okay on input line 66.
LaTeX Font Info:    Checking defaults for OMX/cmex/m/n on input line 66.
LaTeX Font Info:    ... okay on input line 66.
LaTeX Font Info:    Checking defaults for U/cmr/m/n on input line 66.
LaTeX Font Info:    ... okay on input line 66.
Package chapterbib Info: The sectionbib option changes "\chapter *" to "\section *" in \thebibliography on input line 66.
Package caption Info: Begin \AtBeginDocument code.
Package caption Info: subfig package v1.3 is loaded.
Package caption Info: rotating package is loaded.
Package caption Info: End \AtBeginDocument code.
 (/usr/local/texlive/2022/texmf-dist/tex/context/base/mkii/supp-pdf.mkii
[Loading MPS to PDF converter (version 2006.09.02).]
\scratchcounter=\count291
\scratchdimen=\dimen161
\scratchbox=\box61
\nofMPsegments=\count292
\nofMParguments=\count293
\everyMPshowfont=\toks30
\MPscratchCnt=\count294
\MPscratchDim=\dimen162
\MPnumerator=\count295
\makeMPintoPDFobject=\count296
\everyMPtoPDFconversion=\toks31
)
\openout2 = `commands.aux'.

 (./commands.tex)
\openout2 = `0_Prelim/prelim.aux'.

 (./0_Prelim/prelim.tex [1







{/usr/local/texlive/2022/texmf-var/fonts/map/pdftex/updmap/pdftex.map}] (./0_Prelim/quote.tex
Underfull \hbox (badness 10000) in paragraph at lines 6--8

 []

) [2

] (./0_Prelim/ack.tex) [3

] (./thesis.toc
LaTeX Font Info:    Trying to load font information for U+msa on input line 7.
 (/usr/local/texlive/2022/texmf-dist/tex/latex/amsfonts/umsa.fd
File: umsa.fd 2013/01/14 v3.01 AMS symbols A
)
LaTeX Font Info:    Trying to load font information for U+msb on input line 7.
 (/usr/local/texlive/2022/texmf-dist/tex/latex/amsfonts/umsb.fd
File: umsb.fd 2013/01/14 v3.01 AMS symbols B
) [4


] [5])
\tf@toc=\write4
\openout4 = `thesis.toc'.

 [6])
\openout2 = `1_TheoreticalBackground/theory.aux'.

 (./1_TheoreticalBackground/theory.tex
Chapter 1.
[1








] [2] (./1_TheoreticalBackground/standard_model.tex [3] [4] [5] [6] [7] [8] [9] [10] [11]
<1_TheoreticalBackground/Figures/SM_interactions.png, id=73, 633.36626pt x 601.24625pt>
File: 1_TheoreticalBackground/Figures/SM_interactions.png Graphic file (type png)
<use 1_TheoreticalBackground/Figures/SM_interactions.png>
Package pdftex.def Info: 1_TheoreticalBackground/Figures/SM_interactions.png  used on input line 323.
(pdftex.def)             Requested size: 390.25534pt x 370.47525pt.
 [12 <./1_TheoreticalBackground/Figures/SM_interactions.png>]) (./1_TheoreticalBackground/dark_matter.tex
<1_TheoreticalBackground/Figures/DM/galaxy_rot_curve.png, id=79, 496.85625pt x 446.66875pt>
File: 1_TheoreticalBackground/Figures/DM/galaxy_rot_curve.png Graphic file (type png)
<use 1_TheoreticalBackground/Figures/DM/galaxy_rot_curve.png>
Package pdftex.def Info: 1_TheoreticalBackground/Figures/DM/galaxy_rot_curve.png  used on input line 26.
(pdftex.def)             Requested size: 303.53267pt x 272.87646pt.
 [13

] [14 <./1_TheoreticalBackground/Figures/DM/galaxy_rot_curve.png>] [15] [16] [17]) (./1_TheoreticalBackground/higgs_portal.tex [18]
<1_TheoreticalBackground/Figures/HiggsPortal/vbf_signal_diagram.png, id=101, 257.96375pt x 166.6225pt>
File: 1_TheoreticalBackground/Figures/HiggsPortal/vbf_signal_diagram.png Graphic file (type png)
<use 1_TheoreticalBackground/Figures/HiggsPortal/vbf_signal_diagram.png>
Package pdftex.def Info: 1_TheoreticalBackground/Figures/HiggsPortal/vbf_signal_diagram.png  used on input line 19.
(pdftex.def)             Requested size: 173.44534pt x 112.03311pt.
 [19 <./1_TheoreticalBackground/Figures/HiggsPortal/vbf_signal_diagram.png>] [20]
<1_TheoreticalBackground/Figures/HiggsPortal/all_higgs_prod.png, id=111, 515.9275pt x 419.5675pt>
File: 1_TheoreticalBackground/Figures/HiggsPortal/all_higgs_prod.png Graphic file (type png)
<use 1_TheoreticalBackground/Figures/HiggsPortal/all_higgs_prod.png>
Package pdftex.def Info: 1_TheoreticalBackground/Figures/HiggsPortal/all_higgs_prod.png  used on input line 89.
(pdftex.def)             Requested size: 303.53267pt x 246.85124pt.
 [21] [22 <./1_TheoreticalBackground/Figures/HiggsPortal/all_higgs_prod.png>] [23]) (./1_TheoreticalBackground/theory.bbl [24]
Underfull \hbox (badness 1953) in paragraph at lines 37--40
[]\OT1/cmr/m/n/12 E. Schr^^?odinger.  Quan-tisierung als Eigen-wert-prob-lem.  \OT1/cmr/m/it/12 An-nalen Phys.\OT1/cmr/m/n/12 ,
 []

[25]
Underfull \hbox (badness 1184) in paragraph at lines 104--108
[]\OT1/cmr/m/n/12 CMS Col-lab-o-ra-tion.  Mea-sure-ment of the weak mix-ing an-gle us-ing the
 []

[26] [27] [28])) [29]
\openout2 = `2_Experimental_Apparatus/apparatus.aux'.

 (./2_Experimental_Apparatus/apparatus.tex
Chapter 2.
[30






] [31]
<2_Experimental_Apparatus/Figures//lhc_complex.png, id=148, 346.896pt x 282.3348pt>
File: 2_Experimental_Apparatus/Figures//lhc_complex.png Graphic file (type png)
<use 2_Experimental_Apparatus/Figures//lhc_complex.png>
Package pdftex.def Info: 2_Experimental_Apparatus/Figures//lhc_complex.png  used on input line 42.
(pdftex.def)             Requested size: 426.79134pt x 347.37743pt.
 [32] [33 <./2_Experimental_Apparatus/Figures//lhc_complex.png>]
<2_Experimental_Apparatus/Figures//cms_detector.png, id=155, 3189.9175pt x 2253.41875pt>
File: 2_Experimental_Apparatus/Figures//cms_detector.png Graphic file (type png)
<use 2_Experimental_Apparatus/Figures//cms_detector.png>
Package pdftex.def Info: 2_Experimental_Apparatus/Figures//cms_detector.png  used on input line 82.
(pdftex.def)             Requested size: 426.79134pt x 301.48204pt.
 [34] [35 <./2_Experimental_Apparatus/Figures//cms_detector.png>] [36]
<2_Experimental_Apparatus/Figures//inner_tracker_layout.png, id=167, 608.2725pt x 266.9975pt>
File: 2_Experimental_Apparatus/Figures//inner_tracker_layout.png Graphic file (type png)
<use 2_Experimental_Apparatus/Figures//inner_tracker_layout.png>
Package pdftex.def Info: 2_Experimental_Apparatus/Figures//inner_tracker_layout.png  used on input line 125.
(pdftex.def)             Requested size: 426.79134pt x 187.34103pt.
<2_Experimental_Apparatus/Figures//full_tracker_layout.png, id=168, 555.07375pt x 265.99374pt>
File: 2_Experimental_Apparatus/Figures//full_tracker_layout.png Graphic file (type png)
<use 2_Experimental_Apparatus/Figures//full_tracker_layout.png>
Package pdftex.def Info: 2_Experimental_Apparatus/Figures//full_tracker_layout.png  used on input line 137.
(pdftex.def)             Requested size: 426.79134pt x 204.52357pt.
 [37 <./2_Experimental_Apparatus/Figures//inner_tracker_layout.png>] [38 <./2_Experimental_Apparatus/Figures//full_tracker_layout.png>]
<2_Experimental_Apparatus/Figures//ecal_layout.png, id=178, 533.995pt x 362.35374pt>
File: 2_Experimental_Apparatus/Figures//ecal_layout.png Graphic file (type png)
<use 2_Experimental_Apparatus/Figures//ecal_layout.png>
Package pdftex.def Info: 2_Experimental_Apparatus/Figures//ecal_layout.png  used on input line 165.
(pdftex.def)             Requested size: 426.79134pt x 289.618pt.
 [39 <./2_Experimental_Apparatus/Figures//ecal_layout.png>]
<2_Experimental_Apparatus/Figures//hcal_layout.png, id=183, 563.10374pt x 343.2825pt>
File: 2_Experimental_Apparatus/Figures//hcal_layout.png Graphic file (type png)
<use 2_Experimental_Apparatus/Figures//hcal_layout.png>
Package pdftex.def Info: 2_Experimental_Apparatus/Figures//hcal_layout.png  used on input line 194.
(pdftex.def)             Requested size: 426.79134pt x 260.18501pt.
 [40] [41 <./2_Experimental_Apparatus/Figures//hcal_layout.png>] (./2_Experimental_Apparatus/apparatus.bbl
Underfull \hbox (badness 10000) in paragraph at lines 4--7
[]\OT1/cmr/m/n/12 CERN.  Cern ac-cel-er-a-tor com-plex.  $\OT1/cmtt/m/n/12 https : / / home . cern / science /
 []

[42]
Underfull \hbox (badness 2635) in paragraph at lines 56--59
[]\OT1/cmr/m/n/12 CMS Col-lab-o-ra-tion.  Cms de-tec-tor de-sign.  $\OT1/cmtt/m/n/12 https : / / cms . cern / news /
 []

[43])) [44]
\openout2 = `3_DataAnalysisStrategy/strategy.aux'.

 (./3_DataAnalysisStrategy/strategy.tex
Chapter 3.
[45






] [46] (./3_DataAnalysisStrategy/physics_objects.tex
<3_DataAnalysisStrategy/Figures/particle_detection_schematic.png, id=209, 607.26875pt x 282.05376pt>
File: 3_DataAnalysisStrategy/Figures/particle_detection_schematic.png Graphic file (type png)
<use 3_DataAnalysisStrategy/Figures/particle_detection_schematic.png>
Package pdftex.def Info: 3_DataAnalysisStrategy/Figures/particle_detection_schematic.png  used on input line 25.
(pdftex.def)             Requested size: 303.53267pt x 140.98347pt.
 [47] [48 <./3_DataAnalysisStrategy/Figures/particle_detection_schematic.png>] [49] [50] [51]
Underfull \hbox (badness 4981) in paragraph at lines 220--220
[]\OT1/cmr/m/n/10.95 Applied in
 []


Overfull \hbox (0.71857pt too wide) in paragraph at lines 216--231
 [][] 
 []

[52] [53] [54] [55] [56] [57] [58] [59] [60]
<3_DataAnalysisStrategy/Figures/PhotonPurity/fit_2017_pt200-300_nominal.pdf, id=257, 569.12625pt x 385.44pt>
File: 3_DataAnalysisStrategy/Figures/PhotonPurity/fit_2017_pt200-300_nominal.pdf Graphic file (type pdf)
<use 3_DataAnalysisStrategy/Figures/PhotonPurity/fit_2017_pt200-300_nominal.pdf>
Package pdftex.def Info: 3_DataAnalysisStrategy/Figures/PhotonPurity/fit_2017_pt200-300_nominal.pdf  used on input line 532.
(pdftex.def)             Requested size: 195.12767pt x 132.14767pt.
<3_DataAnalysisStrategy/Figures/PhotonPurity/fit_2017_pt300-400_nominal.pdf, id=258, 569.12625pt x 385.44pt>
File: 3_DataAnalysisStrategy/Figures/PhotonPurity/fit_2017_pt300-400_nominal.pdf Graphic file (type pdf)
<use 3_DataAnalysisStrategy/Figures/PhotonPurity/fit_2017_pt300-400_nominal.pdf>
Package pdftex.def Info: 3_DataAnalysisStrategy/Figures/PhotonPurity/fit_2017_pt300-400_nominal.pdf  used on input line 533.
(pdftex.def)             Requested size: 195.12767pt x 132.14767pt.
<3_DataAnalysisStrategy/Figures/PhotonPurity/fit_2017_pt400-500_nominal.pdf, id=259, 569.12625pt x 385.44pt>
File: 3_DataAnalysisStrategy/Figures/PhotonPurity/fit_2017_pt400-500_nominal.pdf Graphic file (type pdf)
<use 3_DataAnalysisStrategy/Figures/PhotonPurity/fit_2017_pt400-500_nominal.pdf>
Package pdftex.def Info: 3_DataAnalysisStrategy/Figures/PhotonPurity/fit_2017_pt400-500_nominal.pdf  used on input line 534.
(pdftex.def)             Requested size: 195.12767pt x 132.14767pt.
<3_DataAnalysisStrategy/Figures/PhotonPurity/fit_2017_pt500-600_nominal.pdf, id=260, 569.12625pt x 385.44pt>
File: 3_DataAnalysisStrategy/Figures/PhotonPurity/fit_2017_pt500-600_nominal.pdf Graphic file (type pdf)
<use 3_DataAnalysisStrategy/Figures/PhotonPurity/fit_2017_pt500-600_nominal.pdf>
Package pdftex.def Info: 3_DataAnalysisStrategy/Figures/PhotonPurity/fit_2017_pt500-600_nominal.pdf  used on input line 535.
(pdftex.def)             Requested size: 195.12767pt x 132.14767pt.
<3_DataAnalysisStrategy/Figures/PhotonPurity/fit_2017_pt600-1000_nominal.pdf, id=261, 569.12625pt x 385.44pt>
File: 3_DataAnalysisStrategy/Figures/PhotonPurity/fit_2017_pt600-1000_nominal.pdf Graphic file (type pdf)
<use 3_DataAnalysisStrategy/Figures/PhotonPurity/fit_2017_pt600-1000_nominal.pdf>
Package pdftex.def Info: 3_DataAnalysisStrategy/Figures/PhotonPurity/fit_2017_pt600-1000_nominal.pdf  used on input line 536.
(pdftex.def)             Requested size: 195.12767pt x 132.14767pt.
<3_DataAnalysisStrategy/Figures/PhotonPurity/fit_2018_pt200-300_nominal.pdf, id=262, 569.12625pt x 385.44pt>
File: 3_DataAnalysisStrategy/Figures/PhotonPurity/fit_2018_pt200-300_nominal.pdf Graphic file (type pdf)
<use 3_DataAnalysisStrategy/Figures/PhotonPurity/fit_2018_pt200-300_nominal.pdf>
Package pdftex.def Info: 3_DataAnalysisStrategy/Figures/PhotonPurity/fit_2018_pt200-300_nominal.pdf  used on input line 544.
(pdftex.def)             Requested size: 195.12767pt x 132.14767pt.
<3_DataAnalysisStrategy/Figures/PhotonPurity/fit_2018_pt300-400_nominal.pdf, id=263, 569.12625pt x 385.44pt>
File: 3_DataAnalysisStrategy/Figures/PhotonPurity/fit_2018_pt300-400_nominal.pdf Graphic file (type pdf)
<use 3_DataAnalysisStrategy/Figures/PhotonPurity/fit_2018_pt300-400_nominal.pdf>
Package pdftex.def Info: 3_DataAnalysisStrategy/Figures/PhotonPurity/fit_2018_pt300-400_nominal.pdf  used on input line 545.
(pdftex.def)             Requested size: 195.12767pt x 132.14767pt.
<3_DataAnalysisStrategy/Figures/PhotonPurity/fit_2018_pt400-500_nominal.pdf, id=264, 569.12625pt x 385.44pt>
File: 3_DataAnalysisStrategy/Figures/PhotonPurity/fit_2018_pt400-500_nominal.pdf Graphic file (type pdf)
<use 3_DataAnalysisStrategy/Figures/PhotonPurity/fit_2018_pt400-500_nominal.pdf>
Package pdftex.def Info: 3_DataAnalysisStrategy/Figures/PhotonPurity/fit_2018_pt400-500_nominal.pdf  used on input line 546.
(pdftex.def)             Requested size: 195.12767pt x 132.14767pt.
<3_DataAnalysisStrategy/Figures/PhotonPurity/fit_2018_pt500-600_nominal.pdf, id=265, 569.12625pt x 385.44pt>
File: 3_DataAnalysisStrategy/Figures/PhotonPurity/fit_2018_pt500-600_nominal.pdf Graphic file (type pdf)
<use 3_DataAnalysisStrategy/Figures/PhotonPurity/fit_2018_pt500-600_nominal.pdf>
Package pdftex.def Info: 3_DataAnalysisStrategy/Figures/PhotonPurity/fit_2018_pt500-600_nominal.pdf  used on input line 547.
(pdftex.def)             Requested size: 195.12767pt x 132.14767pt.
<3_DataAnalysisStrategy/Figures/PhotonPurity/fit_2018_pt600-1000_nominal.pdf, id=266, 569.12625pt x 385.44pt>
File: 3_DataAnalysisStrategy/Figures/PhotonPurity/fit_2018_pt600-1000_nominal.pdf Graphic file (type pdf)
<use 3_DataAnalysisStrategy/Figures/PhotonPurity/fit_2018_pt600-1000_nominal.pdf>
Package pdftex.def Info: 3_DataAnalysisStrategy/Figures/PhotonPurity/fit_2018_pt600-1000_nominal.pdf  used on input line 548.
(pdftex.def)             Requested size: 195.12767pt x 132.14767pt.
<3_DataAnalysisStrategy/Figures/PhotonPurity/purity_variations_2017.pdf, id=267, 462.52798pt x 346.89601pt>
File: 3_DataAnalysisStrategy/Figures/PhotonPurity/purity_variations_2017.pdf Graphic file (type pdf)
<use 3_DataAnalysisStrategy/Figures/PhotonPurity/purity_variations_2017.pdf>
Package pdftex.def Info: 3_DataAnalysisStrategy/Figures/PhotonPurity/purity_variations_2017.pdf  used on input line 556.
(pdftex.def)             Requested size: 208.13574pt x 156.10176pt.
<3_DataAnalysisStrategy/Figures/PhotonPurity/purity_variations_2018.pdf, id=268, 462.52798pt x 346.89601pt>
File: 3_DataAnalysisStrategy/Figures/PhotonPurity/purity_variations_2018.pdf Graphic file (type pdf)
<use 3_DataAnalysisStrategy/Figures/PhotonPurity/purity_variations_2018.pdf>
Package pdftex.def Info: 3_DataAnalysisStrategy/Figures/PhotonPurity/purity_variations_2018.pdf  used on input line 557.
(pdftex.def)             Requested size: 208.13574pt x 156.10176pt.
<3_DataAnalysisStrategy/Figures/PhotonPurity/fit_2017_pt200-300_vfine.pdf, id=269, 569.12625pt x 385.44pt>
File: 3_DataAnalysisStrategy/Figures/PhotonPurity/fit_2017_pt200-300_vfine.pdf Graphic file (type pdf)
<use 3_DataAnalysisStrategy/Figures/PhotonPurity/fit_2017_pt200-300_vfine.pdf>
Package pdftex.def Info: 3_DataAnalysisStrategy/Figures/PhotonPurity/fit_2017_pt200-300_vfine.pdf  used on input line 566.
(pdftex.def)             Requested size: 195.12767pt x 132.14767pt.
<3_DataAnalysisStrategy/Figures/PhotonPurity/fit_2017_pt200-300_fine.pdf, id=270, 569.12625pt x 385.44pt>
File: 3_DataAnalysisStrategy/Figures/PhotonPurity/fit_2017_pt200-300_fine.pdf Graphic file (type pdf)
<use 3_DataAnalysisStrategy/Figures/PhotonPurity/fit_2017_pt200-300_fine.pdf>
Package pdftex.def Info: 3_DataAnalysisStrategy/Figures/PhotonPurity/fit_2017_pt200-300_fine.pdf  used on input line 567.
(pdftex.def)             Requested size: 195.12767pt x 132.14767pt.
File: 3_DataAnalysisStrategy/Figures/PhotonPurity/fit_2017_pt200-300_nominal.pdf Graphic file (type pdf)
<use 3_DataAnalysisStrategy/Figures/PhotonPurity/fit_2017_pt200-300_nominal.pdf>
Package pdftex.def Info: 3_DataAnalysisStrategy/Figures/PhotonPurity/fit_2017_pt200-300_nominal.pdf  used on input line 568.
(pdftex.def)             Requested size: 195.12767pt x 132.14767pt.
<3_DataAnalysisStrategy/Figures/PhotonPurity/fit_2017_pt200-300_coarse.pdf, id=271, 569.12625pt x 385.44pt>
File: 3_DataAnalysisStrategy/Figures/PhotonPurity/fit_2017_pt200-300_coarse.pdf Graphic file (type pdf)
<use 3_DataAnalysisStrategy/Figures/PhotonPurity/fit_2017_pt200-300_coarse.pdf>
Package pdftex.def Info: 3_DataAnalysisStrategy/Figures/PhotonPurity/fit_2017_pt200-300_coarse.pdf  used on input line 569.
(pdftex.def)             Requested size: 195.12767pt x 132.14767pt.
<3_DataAnalysisStrategy/Figures/PhotonPurity/fit_2017_pt200-300_vcoarse.pdf, id=272, 569.12625pt x 385.44pt>
File: 3_DataAnalysisStrategy/Figures/PhotonPurity/fit_2017_pt200-300_vcoarse.pdf Graphic file (type pdf)
<use 3_DataAnalysisStrategy/Figures/PhotonPurity/fit_2017_pt200-300_vcoarse.pdf>
Package pdftex.def Info: 3_DataAnalysisStrategy/Figures/PhotonPurity/fit_2017_pt200-300_vcoarse.pdf  used on input line 570.
(pdftex.def)             Requested size: 195.12767pt x 132.14767pt.
 [61] [62 <./3_DataAnalysisStrategy/Figures/PhotonPurity/fit_2017_pt200-300_nominal.pdf, page is rotated 90 degrees> <./3_DataAnalysisStrategy/Figures/PhotonPurity/fit_2017_pt300-400_nominal.pdf, page is rotated 90 degrees> <./3_DataAnalysisStrategy/Figures/PhotonPurity/fit_2017_pt400-500_nominal.pdf, page is rotated 90 degrees> <./3_DataAnalysisStrategy/Figures/PhotonPurity/fit_2017_pt500-600_nominal.pdf, page is rotated 90 degrees> <./3_DataAnalysisStrategy/Figures/PhotonPurity/fit_2017_pt600-1000_nominal.pdf, page is rotated 90 degrees>] [63 <./3_DataAnalysisStrategy/Figures/PhotonPurity/fit_2018_pt200-300_nominal.pdf, page is rotated 90 degrees> <./3_DataAnalysisStrategy/Figures/PhotonPurity/fit_2018_pt300-400_nominal.pdf, page is rotated 90 degrees> <./3_DataAnalysisStrategy/Figures/PhotonPurity/fit_2018_pt400-500_nominal.pdf, page is rotated 90 degrees> <./3_DataAnalysisStrategy/Figures/PhotonPurity/fit_2018_pt500-600_nominal.pdf, page is rotated 90 degrees> <./3_DataAnalysisStrategy/Figures/PhotonPurity/fit_2018_pt600-1000_nominal.pdf, page is rotated 90 degrees>] [64 <./3_DataAnalysisStrategy/Figures/PhotonPurity/purity_variations_2017.pdf> <./3_DataAnalysisStrategy/Figures/PhotonPurity/purity_variations_2018.pdf

pdfTeX warning: pdflatex (file ./3_DataAnalysisStrategy/Figures/PhotonPurity/purity_variations_2018.pdf): PDF inclusion: multiple pdfs with page group included in a single page
>] [65 <./3_DataAnalysisStrategy/Figures/PhotonPurity/fit_2017_pt200-300_vfine.pdf, page is rotated 90 degrees> <./3_DataAnalysisStrategy/Figures/PhotonPurity/fit_2017_pt200-300_fine.pdf, page is rotated 90 degrees> <./3_DataAnalysisStrategy/Figures/PhotonPurity/fit_2017_pt200-300_coarse.pdf, page is rotated 90 degrees> <./3_DataAnalysisStrategy/Figures/PhotonPurity/fit_2017_pt200-300_vcoarse.pdf, page is rotated 90 degrees>]) (./3_DataAnalysisStrategy/reweighting.tex [66

]
<3_DataAnalysisStrategy/Figures/Efficiency/METTrigger/eff_fit_two_central_jets_2017.pdf, id=1056, 505.89pt x 505.89pt>
File: 3_DataAnalysisStrategy/Figures/Efficiency/METTrigger/eff_fit_two_central_jets_2017.pdf Graphic file (type pdf)
<use 3_DataAnalysisStrategy/Figures/Efficiency/METTrigger/eff_fit_two_central_jets_2017.pdf>
Package pdftex.def Info: 3_DataAnalysisStrategy/Figures/Efficiency/METTrigger/eff_fit_two_central_jets_2017.pdf  used on input line 60.
(pdftex.def)             Requested size: 212.47617pt x 212.48006pt.
<3_DataAnalysisStrategy/Figures/Efficiency/METTrigger/eff_fit_two_central_jets_2018.pdf, id=1057, 505.89pt x 505.89pt>
File: 3_DataAnalysisStrategy/Figures/Efficiency/METTrigger/eff_fit_two_central_jets_2018.pdf Graphic file (type pdf)
<use 3_DataAnalysisStrategy/Figures/Efficiency/METTrigger/eff_fit_two_central_jets_2018.pdf>
Package pdftex.def Info: 3_DataAnalysisStrategy/Figures/Efficiency/METTrigger/eff_fit_two_central_jets_2018.pdf  used on input line 61.
(pdftex.def)             Requested size: 212.47617pt x 212.48006pt.
<3_DataAnalysisStrategy/Figures/Efficiency/METTrigger/eff_fit_one_jet_forward_one_jet_central_2017.pdf, id=1058, 505.89pt x 505.89pt>
File: 3_DataAnalysisStrategy/Figures/Efficiency/METTrigger/eff_fit_one_jet_forward_one_jet_central_2017.pdf Graphic file (type pdf)
<use 3_DataAnalysisStrategy/Figures/Efficiency/METTrigger/eff_fit_one_jet_forward_one_jet_central_2017.pdf>
Package pdftex.def Info: 3_DataAnalysisStrategy/Figures/Efficiency/METTrigger/eff_fit_one_jet_forward_one_jet_central_2017.pdf  used on input line 62.
(pdftex.def)             Requested size: 212.47617pt x 212.48006pt.
<3_DataAnalysisStrategy/Figures/Efficiency/METTrigger/eff_fit_one_jet_forward_one_jet_central_2018.pdf, id=1059, 505.89pt x 505.89pt>
File: 3_DataAnalysisStrategy/Figures/Efficiency/METTrigger/eff_fit_one_jet_forward_one_jet_central_2018.pdf Graphic file (type pdf)
<use 3_DataAnalysisStrategy/Figures/Efficiency/METTrigger/eff_fit_one_jet_forward_one_jet_central_2018.pdf>
Package pdftex.def Info: 3_DataAnalysisStrategy/Figures/Efficiency/METTrigger/eff_fit_one_jet_forward_one_jet_central_2018.pdf  used on input line 63.
(pdftex.def)             Requested size: 212.47617pt x 212.48006pt.
 [67]

LaTeX Warning: Text page 68 contains only floats.

[68 <./3_DataAnalysisStrategy/Figures/Efficiency/METTrigger/eff_fit_two_central_jets_2017.pdf> <./3_DataAnalysisStrategy/Figures/Efficiency/METTrigger/eff_fit_two_central_jets_2018.pdf

pdfTeX warning: pdflatex (file ./3_DataAnalysisStrategy/Figures/Efficiency/METTrigger/eff_fit_two_central_jets_2018.pdf): PDF inclusion: multiple pdfs with page group included in a single page
> <./3_DataAnalysisStrategy/Figures/Efficiency/METTrigger/eff_fit_one_jet_forward_one_jet_central_2017.pdf

pdfTeX warning: pdflatex (file ./3_DataAnalysisStrategy/Figures/Efficiency/METTrigger/eff_fit_one_jet_forward_one_jet_central_2017.pdf): PDF inclusion: multiple pdfs with page group included in a single page
> <./3_DataAnalysisStrategy/Figures/Efficiency/METTrigger/eff_fit_one_jet_forward_one_jet_central_2018.pdf

pdfTeX warning: pdflatex (file ./3_DataAnalysisStrategy/Figures/Efficiency/METTrigger/eff_fit_one_jet_forward_one_jet_central_2018.pdf): PDF inclusion: multiple pdfs with page group included in a single page
>]
<3_DataAnalysisStrategy/Figures/Efficiency/Photon/fit_HLT_PFHT1050_2017.pdf, id=1265, 505.89pt x 505.89pt>
File: 3_DataAnalysisStrategy/Figures/Efficiency/Photon/fit_HLT_PFHT1050_2017.pdf Graphic file (type pdf)
<use 3_DataAnalysisStrategy/Figures/Efficiency/Photon/fit_HLT_PFHT1050_2017.pdf>
Package pdftex.def Info: 3_DataAnalysisStrategy/Figures/Efficiency/Photon/fit_HLT_PFHT1050_2017.pdf  used on input line 107.
(pdftex.def)             Requested size: 260.17464pt x 260.1773pt.
<3_DataAnalysisStrategy/Figures/Efficiency/Photon/fit_HLT_PFHT1050_2018.pdf, id=1266, 505.89pt x 505.89pt>
File: 3_DataAnalysisStrategy/Figures/Efficiency/Photon/fit_HLT_PFHT1050_2018.pdf Graphic file (type pdf)
<use 3_DataAnalysisStrategy/Figures/Efficiency/Photon/fit_HLT_PFHT1050_2018.pdf>
Package pdftex.def Info: 3_DataAnalysisStrategy/Figures/Efficiency/Photon/fit_HLT_PFHT1050_2018.pdf  used on input line 108.
(pdftex.def)             Requested size: 260.17464pt x 260.1773pt.


LaTeX Warning: Float too large for page by 46.0596pt on input line 115.

[69

] [70] [71 <./3_DataAnalysisStrategy/Figures/Efficiency/Photon/fit_HLT_PFHT1050_2017.pdf> <./3_DataAnalysisStrategy/Figures/Efficiency/Photon/fit_HLT_PFHT1050_2018.pdf

pdfTeX warning: pdflatex (file ./3_DataAnalysisStrategy/Figures/Efficiency/Photon/fit_HLT_PFHT1050_2018.pdf): PDF inclusion: multiple pdfs with page group included in a single page
>]
<3_DataAnalysisStrategy/Figures/Efficiency/Electron/electron_trig_eff_2017.pdf, id=1405, 569.12625pt x 552.0625pt>
File: 3_DataAnalysisStrategy/Figures/Efficiency/Electron/electron_trig_eff_2017.pdf Graphic file (type pdf)
<use 3_DataAnalysisStrategy/Figures/Efficiency/Electron/electron_trig_eff_2017.pdf>
Package pdftex.def Info: 3_DataAnalysisStrategy/Figures/Efficiency/Electron/electron_trig_eff_2017.pdf  used on input line 141.
(pdftex.def)             Requested size: 260.17464pt x 252.385pt.
<3_DataAnalysisStrategy/Figures/Efficiency/Electron/electron_trig_eff_2018.pdf, id=1406, 569.12625pt x 552.0625pt>
File: 3_DataAnalysisStrategy/Figures/Efficiency/Electron/electron_trig_eff_2018.pdf Graphic file (type pdf)
<use 3_DataAnalysisStrategy/Figures/Efficiency/Electron/electron_trig_eff_2018.pdf>
Package pdftex.def Info: 3_DataAnalysisStrategy/Figures/Efficiency/Electron/electron_trig_eff_2018.pdf  used on input line 142.
(pdftex.def)             Requested size: 260.17464pt x 252.385pt.


LaTeX Warning: Float too large for page by 1.47498pt on input line 148.

[72

] [73 <./3_DataAnalysisStrategy/Figures/Efficiency/Electron/electron_trig_eff_2017.pdf, page is rotated 90 degrees> <./3_DataAnalysisStrategy/Figures/Efficiency/Electron/electron_trig_eff_2018.pdf, page is rotated 90 degrees>]
<3_DataAnalysisStrategy/Figures/Pileup/pu_weights_2017.pdf, id=1501, 569.12625pt x 541.02126pt>
File: 3_DataAnalysisStrategy/Figures/Pileup/pu_weights_2017.pdf Graphic file (type pdf)
<use 3_DataAnalysisStrategy/Figures/Pileup/pu_weights_2017.pdf>
Package pdftex.def Info: 3_DataAnalysisStrategy/Figures/Pileup/pu_weights_2017.pdf  used on input line 172.
(pdftex.def)             Requested size: 212.47617pt x 201.98264pt.
<3_DataAnalysisStrategy/Figures/Pileup/pu_weights_2018.pdf, id=1502, 569.12625pt x 541.02126pt>
File: 3_DataAnalysisStrategy/Figures/Pileup/pu_weights_2018.pdf Graphic file (type pdf)
<use 3_DataAnalysisStrategy/Figures/Pileup/pu_weights_2018.pdf>
Package pdftex.def Info: 3_DataAnalysisStrategy/Figures/Pileup/pu_weights_2018.pdf  used on input line 173.
(pdftex.def)             Requested size: 212.47617pt x 201.98264pt.
<3_DataAnalysisStrategy/Figures/Pileup/cr_1m_vbf_npv_nopu_2017.pdf, id=1503, 505.89pt x 505.89pt>
File: 3_DataAnalysisStrategy/Figures/Pileup/cr_1m_vbf_npv_nopu_2017.pdf Graphic file (type pdf)
<use 3_DataAnalysisStrategy/Figures/Pileup/cr_1m_vbf_npv_nopu_2017.pdf>
Package pdftex.def Info: 3_DataAnalysisStrategy/Figures/Pileup/cr_1m_vbf_npv_nopu_2017.pdf  used on input line 184.
(pdftex.def)             Requested size: 212.47617pt x 212.48006pt.
<3_DataAnalysisStrategy/Figures/Pileup/cr_1m_vbf_npv_2017.pdf, id=1504, 505.89pt x 505.89pt>
File: 3_DataAnalysisStrategy/Figures/Pileup/cr_1m_vbf_npv_2017.pdf Graphic file (type pdf)
<use 3_DataAnalysisStrategy/Figures/Pileup/cr_1m_vbf_npv_2017.pdf>
Package pdftex.def Info: 3_DataAnalysisStrategy/Figures/Pileup/cr_1m_vbf_npv_2017.pdf  used on input line 185.
(pdftex.def)             Requested size: 212.47617pt x 212.48006pt.
<3_DataAnalysisStrategy/Figures/Pileup/cr_1m_vbf_npv_nopu_2018.pdf, id=1505, 505.89pt x 505.89pt>
File: 3_DataAnalysisStrategy/Figures/Pileup/cr_1m_vbf_npv_nopu_2018.pdf Graphic file (type pdf)
<use 3_DataAnalysisStrategy/Figures/Pileup/cr_1m_vbf_npv_nopu_2018.pdf>
Package pdftex.def Info: 3_DataAnalysisStrategy/Figures/Pileup/cr_1m_vbf_npv_nopu_2018.pdf  used on input line 186.
(pdftex.def)             Requested size: 212.47617pt x 212.48006pt.
<3_DataAnalysisStrategy/Figures/Pileup/cr_1m_vbf_npv_2018.pdf, id=1506, 505.89pt x 505.89pt>
File: 3_DataAnalysisStrategy/Figures/Pileup/cr_1m_vbf_npv_2018.pdf Graphic file (type pdf)
<use 3_DataAnalysisStrategy/Figures/Pileup/cr_1m_vbf_npv_2018.pdf>
Package pdftex.def Info: 3_DataAnalysisStrategy/Figures/Pileup/cr_1m_vbf_npv_2018.pdf  used on input line 187.
(pdftex.def)             Requested size: 212.47617pt x 212.48006pt.
<3_DataAnalysisStrategy/Figures/Pileup/cr_1m_vbf_rho_all_nopu_2017.pdf, id=1507, 505.89pt x 505.89pt>
File: 3_DataAnalysisStrategy/Figures/Pileup/cr_1m_vbf_rho_all_nopu_2017.pdf Graphic file (type pdf)
<use 3_DataAnalysisStrategy/Figures/Pileup/cr_1m_vbf_rho_all_nopu_2017.pdf>
Package pdftex.def Info: 3_DataAnalysisStrategy/Figures/Pileup/cr_1m_vbf_rho_all_nopu_2017.pdf  used on input line 199.
(pdftex.def)             Requested size: 212.47617pt x 212.48006pt.
<3_DataAnalysisStrategy/Figures/Pileup/cr_1m_vbf_rho_all_2017.pdf, id=1508, 505.89pt x 505.89pt>
File: 3_DataAnalysisStrategy/Figures/Pileup/cr_1m_vbf_rho_all_2017.pdf Graphic file (type pdf)
<use 3_DataAnalysisStrategy/Figures/Pileup/cr_1m_vbf_rho_all_2017.pdf>
Package pdftex.def Info: 3_DataAnalysisStrategy/Figures/Pileup/cr_1m_vbf_rho_all_2017.pdf  used on input line 200.
(pdftex.def)             Requested size: 212.47617pt x 212.48006pt.
<3_DataAnalysisStrategy/Figures/Pileup/cr_1m_vbf_rho_all_nopu_2018.pdf, id=1509, 505.89pt x 505.89pt>
File: 3_DataAnalysisStrategy/Figures/Pileup/cr_1m_vbf_rho_all_nopu_2018.pdf Graphic file (type pdf)
<use 3_DataAnalysisStrategy/Figures/Pileup/cr_1m_vbf_rho_all_nopu_2018.pdf>
Package pdftex.def Info: 3_DataAnalysisStrategy/Figures/Pileup/cr_1m_vbf_rho_all_nopu_2018.pdf  used on input line 201.
(pdftex.def)             Requested size: 212.47617pt x 212.48006pt.
<3_DataAnalysisStrategy/Figures/Pileup/cr_1m_vbf_rho_all_2018.pdf, id=1510, 505.89pt x 505.89pt>
File: 3_DataAnalysisStrategy/Figures/Pileup/cr_1m_vbf_rho_all_2018.pdf Graphic file (type pdf)
<use 3_DataAnalysisStrategy/Figures/Pileup/cr_1m_vbf_rho_all_2018.pdf>
Package pdftex.def Info: 3_DataAnalysisStrategy/Figures/Pileup/cr_1m_vbf_rho_all_2018.pdf  used on input line 202.
(pdftex.def)             Requested size: 212.47617pt x 212.48006pt.
 [74] [75 <./3_DataAnalysisStrategy/Figures/Pileup/pu_weights_2017.pdf, page is rotated 90 degrees> <./3_DataAnalysisStrategy/Figures/Pileup/pu_weights_2018.pdf, page is rotated 90 degrees>] [76 <./3_DataAnalysisStrategy/Figures/Pileup/cr_1m_vbf_npv_nopu_2017.pdf> <./3_DataAnalysisStrategy/Figures/Pileup/cr_1m_vbf_npv_2017.pdf

pdfTeX warning: pdflatex (file ./3_DataAnalysisStrategy/Figures/Pileup/cr_1m_vbf_npv_2017.pdf): PDF inclusion: multiple pdfs with page group included in a single page
> <./3_DataAnalysisStrategy/Figures/Pileup/cr_1m_vbf_npv_nopu_2018.pdf

pdfTeX warning: pdflatex (file ./3_DataAnalysisStrategy/Figures/Pileup/cr_1m_vbf_npv_nopu_2018.pdf): PDF inclusion: multiple pdfs with page group included in a single page
> <./3_DataAnalysisStrategy/Figures/Pileup/cr_1m_vbf_npv_2018.pdf

pdfTeX warning: pdflatex (file ./3_DataAnalysisStrategy/Figures/Pileup/cr_1m_vbf_npv_2018.pdf): PDF inclusion: multiple pdfs with page group included in a single page
>] [77 <./3_DataAnalysisStrategy/Figures/Pileup/cr_1m_vbf_rho_all_nopu_2017.pdf> <./3_DataAnalysisStrategy/Figures/Pileup/cr_1m_vbf_rho_all_2017.pdf

pdfTeX warning: pdflatex (file ./3_DataAnalysisStrategy/Figures/Pileup/cr_1m_vbf_rho_all_2017.pdf): PDF inclusion: multiple pdfs with page group included in a single page
> <./3_DataAnalysisStrategy/Figures/Pileup/cr_1m_vbf_rho_all_nopu_2018.pdf

pdfTeX warning: pdflatex (file ./3_DataAnalysisStrategy/Figures/Pileup/cr_1m_vbf_rho_all_nopu_2018.pdf): PDF inclusion: multiple pdfs with page group included in a single page
> <./3_DataAnalysisStrategy/Figures/Pileup/cr_1m_vbf_rho_all_2018.pdf

pdfTeX warning: pdflatex (file ./3_DataAnalysisStrategy/Figures/Pileup/cr_1m_vbf_rho_all_2018.pdf): PDF inclusion: multiple pdfs with page group included in a single page
>]
<3_DataAnalysisStrategy/Figures/ScaleFactors/Electron/electron_reco_2017.pdf, id=2192, 462.52798pt x 346.89601pt>
File: 3_DataAnalysisStrategy/Figures/ScaleFactors/Electron/electron_reco_2017.pdf Graphic file (type pdf)
<use 3_DataAnalysisStrategy/Figures/ScaleFactors/Electron/electron_reco_2017.pdf>
Package pdftex.def Info: 3_DataAnalysisStrategy/Figures/ScaleFactors/Electron/electron_reco_2017.pdf  used on input line 232.
(pdftex.def)             Requested size: 212.47617pt x 159.35707pt.
<3_DataAnalysisStrategy/Figures/ScaleFactors/Electron/electron_reco_2018.pdf, id=2193, 462.52798pt x 346.89601pt>
File: 3_DataAnalysisStrategy/Figures/ScaleFactors/Electron/electron_reco_2018.pdf Graphic file (type pdf)
<use 3_DataAnalysisStrategy/Figures/ScaleFactors/Electron/electron_reco_2018.pdf>
Package pdftex.def Info: 3_DataAnalysisStrategy/Figures/ScaleFactors/Electron/electron_reco_2018.pdf  used on input line 233.
(pdftex.def)             Requested size: 212.47617pt x 159.35707pt.
<3_DataAnalysisStrategy/Figures/ScaleFactors/Electron/electron_reco_ptbelow20_2017.pdf, id=2194, 462.52798pt x 346.89601pt>
File: 3_DataAnalysisStrategy/Figures/ScaleFactors/Electron/electron_reco_ptbelow20_2017.pdf Graphic file (type pdf)
<use 3_DataAnalysisStrategy/Figures/ScaleFactors/Electron/electron_reco_ptbelow20_2017.pdf>
Package pdftex.def Info: 3_DataAnalysisStrategy/Figures/ScaleFactors/Electron/electron_reco_ptbelow20_2017.pdf  used on input line 234.
(pdftex.def)             Requested size: 212.47617pt x 159.35707pt.
<3_DataAnalysisStrategy/Figures/ScaleFactors/Electron/electron_reco_ptbelow20_2018.pdf, id=2195, 462.52798pt x 346.89601pt>
File: 3_DataAnalysisStrategy/Figures/ScaleFactors/Electron/electron_reco_ptbelow20_2018.pdf Graphic file (type pdf)
<use 3_DataAnalysisStrategy/Figures/ScaleFactors/Electron/electron_reco_ptbelow20_2018.pdf>
Package pdftex.def Info: 3_DataAnalysisStrategy/Figures/ScaleFactors/Electron/electron_reco_ptbelow20_2018.pdf  used on input line 235.
(pdftex.def)             Requested size: 212.47617pt x 159.35707pt.
<3_DataAnalysisStrategy/Figures/ScaleFactors/Electron/electron_id_tight_2017.pdf, id=2196, 462.52798pt x 346.89601pt>
File: 3_DataAnalysisStrategy/Figures/ScaleFactors/Electron/electron_id_tight_2017.pdf Graphic file (type pdf)
<use 3_DataAnalysisStrategy/Figures/ScaleFactors/Electron/electron_id_tight_2017.pdf>
Package pdftex.def Info: 3_DataAnalysisStrategy/Figures/ScaleFactors/Electron/electron_id_tight_2017.pdf  used on input line 247.
(pdftex.def)             Requested size: 195.12767pt x 146.34639pt.
<3_DataAnalysisStrategy/Figures/ScaleFactors/Electron/electron_id_veto_2017.pdf, id=2197, 462.52798pt x 346.89601pt>
File: 3_DataAnalysisStrategy/Figures/ScaleFactors/Electron/electron_id_veto_2017.pdf Graphic file (type pdf)
<use 3_DataAnalysisStrategy/Figures/ScaleFactors/Electron/electron_id_veto_2017.pdf>
Package pdftex.def Info: 3_DataAnalysisStrategy/Figures/ScaleFactors/Electron/electron_id_veto_2017.pdf  used on input line 248.
(pdftex.def)             Requested size: 195.12767pt x 146.34639pt.
<3_DataAnalysisStrategy/Figures/ScaleFactors/Electron/electron_id_tight_2018.pdf, id=2198, 462.52798pt x 346.89601pt>
File: 3_DataAnalysisStrategy/Figures/ScaleFactors/Electron/electron_id_tight_2018.pdf Graphic file (type pdf)
<use 3_DataAnalysisStrategy/Figures/ScaleFactors/Electron/electron_id_tight_2018.pdf>
Package pdftex.def Info: 3_DataAnalysisStrategy/Figures/ScaleFactors/Electron/electron_id_tight_2018.pdf  used on input line 249.
(pdftex.def)             Requested size: 195.12767pt x 146.34639pt.
<3_DataAnalysisStrategy/Figures/ScaleFactors/Electron/electron_id_veto_2018.pdf, id=2199, 462.52798pt x 346.89601pt>
File: 3_DataAnalysisStrategy/Figures/ScaleFactors/Electron/electron_id_veto_2018.pdf Graphic file (type pdf)
<use 3_DataAnalysisStrategy/Figures/ScaleFactors/Electron/electron_id_veto_2018.pdf>
Package pdftex.def Info: 3_DataAnalysisStrategy/Figures/ScaleFactors/Electron/electron_id_veto_2018.pdf  used on input line 250.
(pdftex.def)             Requested size: 195.12767pt x 146.34639pt.
<3_DataAnalysisStrategy/Figures/ScaleFactors/Muon/NUM_TightID_DEN_TrackerMuons_abseta_pt_2017.pdf, id=2200, 462.52798pt x 346.89601pt>
File: 3_DataAnalysisStrategy/Figures/ScaleFactors/Muon/NUM_TightID_DEN_TrackerMuons_abseta_pt_2017.pdf Graphic file (type pdf)
<use 3_DataAnalysisStrategy/Figures/ScaleFactors/Muon/NUM_TightID_DEN_TrackerMuons_abseta_pt_2017.pdf>
Package pdftex.def Info: 3_DataAnalysisStrategy/Figures/ScaleFactors/Muon/NUM_TightID_DEN_TrackerMuons_abseta_pt_2017.pdf  used on input line 261.
(pdftex.def)             Requested size: 212.47617pt x 159.35707pt.
<3_DataAnalysisStrategy/Figures/ScaleFactors/Muon/NUM_LooseID_DEN_TrackerMuons_abseta_pt_2017.pdf, id=2201, 462.52798pt x 346.89601pt>
File: 3_DataAnalysisStrategy/Figures/ScaleFactors/Muon/NUM_LooseID_DEN_TrackerMuons_abseta_pt_2017.pdf Graphic file (type pdf)
<use 3_DataAnalysisStrategy/Figures/ScaleFactors/Muon/NUM_LooseID_DEN_TrackerMuons_abseta_pt_2017.pdf>
Package pdftex.def Info: 3_DataAnalysisStrategy/Figures/ScaleFactors/Muon/NUM_LooseID_DEN_TrackerMuons_abseta_pt_2017.pdf  used on input line 262.
(pdftex.def)             Requested size: 212.47617pt x 159.35707pt.
<3_DataAnalysisStrategy/Figures/ScaleFactors/Muon/NUM_TightID_DEN_TrackerMuons_abseta_pt_2018.pdf, id=2202, 462.52798pt x 346.89601pt>
File: 3_DataAnalysisStrategy/Figures/ScaleFactors/Muon/NUM_TightID_DEN_TrackerMuons_abseta_pt_2018.pdf Graphic file (type pdf)
<use 3_DataAnalysisStrategy/Figures/ScaleFactors/Muon/NUM_TightID_DEN_TrackerMuons_abseta_pt_2018.pdf>
Package pdftex.def Info: 3_DataAnalysisStrategy/Figures/ScaleFactors/Muon/NUM_TightID_DEN_TrackerMuons_abseta_pt_2018.pdf  used on input line 263.
(pdftex.def)             Requested size: 212.47617pt x 159.35707pt.
<3_DataAnalysisStrategy/Figures/ScaleFactors/Muon/NUM_LooseID_DEN_TrackerMuons_abseta_pt_2018.pdf, id=2203, 462.52798pt x 346.89601pt>
File: 3_DataAnalysisStrategy/Figures/ScaleFactors/Muon/NUM_LooseID_DEN_TrackerMuons_abseta_pt_2018.pdf Graphic file (type pdf)
<use 3_DataAnalysisStrategy/Figures/ScaleFactors/Muon/NUM_LooseID_DEN_TrackerMuons_abseta_pt_2018.pdf>
Package pdftex.def Info: 3_DataAnalysisStrategy/Figures/ScaleFactors/Muon/NUM_LooseID_DEN_TrackerMuons_abseta_pt_2018.pdf  used on input line 264.
(pdftex.def)             Requested size: 212.47617pt x 159.35707pt.
<3_DataAnalysisStrategy/Figures/ScaleFactors/Muon/NUM_TightRelIso_DEN_TightIDandIPCut_abseta_pt_2017.pdf, id=2204, 462.52798pt x 346.89601pt>
File: 3_DataAnalysisStrategy/Figures/ScaleFactors/Muon/NUM_TightRelIso_DEN_TightIDandIPCut_abseta_pt_2017.pdf Graphic file (type pdf)
<use 3_DataAnalysisStrategy/Figures/ScaleFactors/Muon/NUM_TightRelIso_DEN_TightIDandIPCut_abseta_pt_2017.pdf>
Package pdftex.def Info: 3_DataAnalysisStrategy/Figures/ScaleFactors/Muon/NUM_TightRelIso_DEN_TightIDandIPCut_abseta_pt_2017.pdf  used on input line 275.
(pdftex.def)             Requested size: 212.47617pt x 159.35707pt.
<3_DataAnalysisStrategy/Figures/ScaleFactors/Muon/NUM_LooseRelIso_DEN_LooseID_abseta_pt_2017.pdf, id=2205, 462.52798pt x 346.89601pt>
File: 3_DataAnalysisStrategy/Figures/ScaleFactors/Muon/NUM_LooseRelIso_DEN_LooseID_abseta_pt_2017.pdf Graphic file (type pdf)
<use 3_DataAnalysisStrategy/Figures/ScaleFactors/Muon/NUM_LooseRelIso_DEN_LooseID_abseta_pt_2017.pdf>
Package pdftex.def Info: 3_DataAnalysisStrategy/Figures/ScaleFactors/Muon/NUM_LooseRelIso_DEN_LooseID_abseta_pt_2017.pdf  used on input line 276.
(pdftex.def)             Requested size: 212.47617pt x 159.35707pt.
<3_DataAnalysisStrategy/Figures/ScaleFactors/Muon/NUM_TightRelIso_DEN_TightIDandIPCut_abseta_pt_2018.pdf, id=2206, 462.52798pt x 346.89601pt>
File: 3_DataAnalysisStrategy/Figures/ScaleFactors/Muon/NUM_TightRelIso_DEN_TightIDandIPCut_abseta_pt_2018.pdf Graphic file (type pdf)
<use 3_DataAnalysisStrategy/Figures/ScaleFactors/Muon/NUM_TightRelIso_DEN_TightIDandIPCut_abseta_pt_2018.pdf>
Package pdftex.def Info: 3_DataAnalysisStrategy/Figures/ScaleFactors/Muon/NUM_TightRelIso_DEN_TightIDandIPCut_abseta_pt_2018.pdf  used on input line 277.
(pdftex.def)             Requested size: 212.47617pt x 159.35707pt.
<3_DataAnalysisStrategy/Figures/ScaleFactors/Muon/NUM_LooseRelIso_DEN_LooseID_abseta_pt_2018.pdf, id=2207, 462.52798pt x 346.89601pt>
File: 3_DataAnalysisStrategy/Figures/ScaleFactors/Muon/NUM_LooseRelIso_DEN_LooseID_abseta_pt_2018.pdf Graphic file (type pdf)
<use 3_DataAnalysisStrategy/Figures/ScaleFactors/Muon/NUM_LooseRelIso_DEN_LooseID_abseta_pt_2018.pdf>
Package pdftex.def Info: 3_DataAnalysisStrategy/Figures/ScaleFactors/Muon/NUM_LooseRelIso_DEN_LooseID_abseta_pt_2018.pdf  used on input line 278.
(pdftex.def)             Requested size: 212.47617pt x 159.35707pt.
 [78

] [79 <./3_DataAnalysisStrategy/Figures/ScaleFactors/Electron/electron_reco_2017.pdf> <./3_DataAnalysisStrategy/Figures/ScaleFactors/Electron/electron_reco_2018.pdf

pdfTeX warning: pdflatex (file ./3_DataAnalysisStrategy/Figures/ScaleFactors/Electron/electron_reco_2018.pdf): PDF inclusion: multiple pdfs with page group included in a single page
> <./3_DataAnalysisStrategy/Figures/ScaleFactors/Electron/electron_reco_ptbelow20_2017.pdf

pdfTeX warning: pdflatex (file ./3_DataAnalysisStrategy/Figures/ScaleFactors/Electron/electron_reco_ptbelow20_2017.pdf): PDF inclusion: multiple pdfs with page group included in a single page
> <./3_DataAnalysisStrategy/Figures/ScaleFactors/Electron/electron_reco_ptbelow20_2018.pdf

pdfTeX warning: pdflatex (file ./3_DataAnalysisStrategy/Figures/ScaleFactors/Electron/electron_reco_ptbelow20_2018.pdf): PDF inclusion: multiple pdfs with page group included in a single page
>] [80 <./3_DataAnalysisStrategy/Figures/ScaleFactors/Electron/electron_id_tight_2017.pdf> <./3_DataAnalysisStrategy/Figures/ScaleFactors/Electron/electron_id_veto_2017.pdf

pdfTeX warning: pdflatex (file ./3_DataAnalysisStrategy/Figures/ScaleFactors/Electron/electron_id_veto_2017.pdf): PDF inclusion: multiple pdfs with page group included in a single page
> <./3_DataAnalysisStrategy/Figures/ScaleFactors/Electron/electron_id_tight_2018.pdf

pdfTeX warning: pdflatex (file ./3_DataAnalysisStrategy/Figures/ScaleFactors/Electron/electron_id_tight_2018.pdf): PDF inclusion: multiple pdfs with page group included in a single page
> <./3_DataAnalysisStrategy/Figures/ScaleFactors/Electron/electron_id_veto_2018.pdf

pdfTeX warning: pdflatex (file ./3_DataAnalysisStrategy/Figures/ScaleFactors/Electron/electron_id_veto_2018.pdf): PDF inclusion: multiple pdfs with page group included in a single page
>] [81 <./3_DataAnalysisStrategy/Figures/ScaleFactors/Muon/NUM_TightID_DEN_TrackerMuons_abseta_pt_2017.pdf> <./3_DataAnalysisStrategy/Figures/ScaleFactors/Muon/NUM_LooseID_DEN_TrackerMuons_abseta_pt_2017.pdf

pdfTeX warning: pdflatex (file ./3_DataAnalysisStrategy/Figures/ScaleFactors/Muon/NUM_LooseID_DEN_TrackerMuons_abseta_pt_2017.pdf): PDF inclusion: multiple pdfs with page group included in a single page
> <./3_DataAnalysisStrategy/Figures/ScaleFactors/Muon/NUM_TightID_DEN_TrackerMuons_abseta_pt_2018.pdf

pdfTeX warning: pdflatex (file ./3_DataAnalysisStrategy/Figures/ScaleFactors/Muon/NUM_TightID_DEN_TrackerMuons_abseta_pt_2018.pdf): PDF inclusion: multiple pdfs with page group included in a single page
> <./3_DataAnalysisStrategy/Figures/ScaleFactors/Muon/NUM_LooseID_DEN_TrackerMuons_abseta_pt_2018.pdf

pdfTeX warning: pdflatex (file ./3_DataAnalysisStrategy/Figures/ScaleFactors/Muon/NUM_LooseID_DEN_TrackerMuons_abseta_pt_2018.pdf): PDF inclusion: multiple pdfs with page group included in a single page
>] [82 <./3_DataAnalysisStrategy/Figures/ScaleFactors/Muon/NUM_TightRelIso_DEN_TightIDandIPCut_abseta_pt_2017.pdf> <./3_DataAnalysisStrategy/Figures/ScaleFactors/Muon/NUM_LooseRelIso_DEN_LooseID_abseta_pt_2017.pdf

pdfTeX warning: pdflatex (file ./3_DataAnalysisStrategy/Figures/ScaleFactors/Muon/NUM_LooseRelIso_DEN_LooseID_abseta_pt_2017.pdf): PDF inclusion: multiple pdfs with page group included in a single page
> <./3_DataAnalysisStrategy/Figures/ScaleFactors/Muon/NUM_TightRelIso_DEN_TightIDandIPCut_abseta_pt_2018.pdf

pdfTeX warning: pdflatex (file ./3_DataAnalysisStrategy/Figures/ScaleFactors/Muon/NUM_TightRelIso_DEN_TightIDandIPCut_abseta_pt_2018.pdf): PDF inclusion: multiple pdfs with page group included in a single page
> <./3_DataAnalysisStrategy/Figures/ScaleFactors/Muon/NUM_LooseRelIso_DEN_LooseID_abseta_pt_2018.pdf

pdfTeX warning: pdflatex (file ./3_DataAnalysisStrategy/Figures/ScaleFactors/Muon/NUM_LooseRelIso_DEN_LooseID_abseta_pt_2018.pdf): PDF inclusion: multiple pdfs with page group included in a single page
>] [83

]
<3_DataAnalysisStrategy/Figures/ScaleFactors/HFCuts/hf_sf_2017.pdf, id=3219, 462.52798pt x 346.89601pt>
File: 3_DataAnalysisStrategy/Figures/ScaleFactors/HFCuts/hf_sf_2017.pdf Graphic file (type pdf)
<use 3_DataAnalysisStrategy/Figures/ScaleFactors/HFCuts/hf_sf_2017.pdf>
Package pdftex.def Info: 3_DataAnalysisStrategy/Figures/ScaleFactors/HFCuts/hf_sf_2017.pdf  used on input line 376.
(pdftex.def)             Requested size: 212.47617pt x 159.35707pt.
<3_DataAnalysisStrategy/Figures/ScaleFactors/HFCuts/hf_sf_2018.pdf, id=3220, 462.52798pt x 346.89601pt>
File: 3_DataAnalysisStrategy/Figures/ScaleFactors/HFCuts/hf_sf_2018.pdf Graphic file (type pdf)
<use 3_DataAnalysisStrategy/Figures/ScaleFactors/HFCuts/hf_sf_2018.pdf>
Package pdftex.def Info: 3_DataAnalysisStrategy/Figures/ScaleFactors/HFCuts/hf_sf_2018.pdf  used on input line 377.
(pdftex.def)             Requested size: 212.47617pt x 159.35707pt.
 [84] [85 <./3_DataAnalysisStrategy/Figures/ScaleFactors/HFCuts/hf_sf_2017.pdf> <./3_DataAnalysisStrategy/Figures/ScaleFactors/HFCuts/hf_sf_2018.pdf

pdfTeX warning: pdflatex (file ./3_DataAnalysisStrategy/Figures/ScaleFactors/HFCuts/hf_sf_2018.pdf): PDF inclusion: multiple pdfs with page group included in a single page
>]
<3_DataAnalysisStrategy/Figures/ScaleFactors/Prefire/cr_1e_vbf.pdf, id=3320, 505.89pt x 505.89pt>
File: 3_DataAnalysisStrategy/Figures/ScaleFactors/Prefire/cr_1e_vbf.pdf Graphic file (type pdf)
<use 3_DataAnalysisStrategy/Figures/ScaleFactors/Prefire/cr_1e_vbf.pdf>
Package pdftex.def Info: 3_DataAnalysisStrategy/Figures/ScaleFactors/Prefire/cr_1e_vbf.pdf  used on input line 419.
(pdftex.def)             Requested size: 212.47617pt x 212.48006pt.
<3_DataAnalysisStrategy/Figures/ScaleFactors/Prefire/cr_1m_vbf.pdf, id=3321, 505.89pt x 505.89pt>
File: 3_DataAnalysisStrategy/Figures/ScaleFactors/Prefire/cr_1m_vbf.pdf Graphic file (type pdf)
<use 3_DataAnalysisStrategy/Figures/ScaleFactors/Prefire/cr_1m_vbf.pdf>
Package pdftex.def Info: 3_DataAnalysisStrategy/Figures/ScaleFactors/Prefire/cr_1m_vbf.pdf  used on input line 420.
(pdftex.def)             Requested size: 212.47617pt x 212.48006pt.
<3_DataAnalysisStrategy/Figures/ScaleFactors/Prefire/cr_2e_vbf.pdf, id=3322, 505.89pt x 505.89pt>
File: 3_DataAnalysisStrategy/Figures/ScaleFactors/Prefire/cr_2e_vbf.pdf Graphic file (type pdf)
<use 3_DataAnalysisStrategy/Figures/ScaleFactors/Prefire/cr_2e_vbf.pdf>
Package pdftex.def Info: 3_DataAnalysisStrategy/Figures/ScaleFactors/Prefire/cr_2e_vbf.pdf  used on input line 421.
(pdftex.def)             Requested size: 212.47617pt x 212.48006pt.
<3_DataAnalysisStrategy/Figures/ScaleFactors/Prefire/cr_2m_vbf.pdf, id=3323, 505.89pt x 505.89pt>
File: 3_DataAnalysisStrategy/Figures/ScaleFactors/Prefire/cr_2m_vbf.pdf Graphic file (type pdf)
<use 3_DataAnalysisStrategy/Figures/ScaleFactors/Prefire/cr_2m_vbf.pdf>
Package pdftex.def Info: 3_DataAnalysisStrategy/Figures/ScaleFactors/Prefire/cr_2m_vbf.pdf  used on input line 422.
(pdftex.def)             Requested size: 212.47617pt x 212.48006pt.
<3_DataAnalysisStrategy/Figures/ScaleFactors/Prefire/cr_g_vbf.pdf, id=3324, 505.89pt x 505.89pt>
File: 3_DataAnalysisStrategy/Figures/ScaleFactors/Prefire/cr_g_vbf.pdf Graphic file (type pdf)
<use 3_DataAnalysisStrategy/Figures/ScaleFactors/Prefire/cr_g_vbf.pdf>
Package pdftex.def Info: 3_DataAnalysisStrategy/Figures/ScaleFactors/Prefire/cr_g_vbf.pdf  used on input line 431.
(pdftex.def)             Requested size: 212.47617pt x 212.48006pt.
<3_DataAnalysisStrategy/Figures/ScaleFactors/Prefire/sr_vbf_qcd_wlv.pdf, id=3325, 505.89pt x 505.89pt>
File: 3_DataAnalysisStrategy/Figures/ScaleFactors/Prefire/sr_vbf_qcd_wlv.pdf Graphic file (type pdf)
<use 3_DataAnalysisStrategy/Figures/ScaleFactors/Prefire/sr_vbf_qcd_wlv.pdf>
Package pdftex.def Info: 3_DataAnalysisStrategy/Figures/ScaleFactors/Prefire/sr_vbf_qcd_wlv.pdf  used on input line 432.
(pdftex.def)             Requested size: 212.47617pt x 212.48006pt.
<3_DataAnalysisStrategy/Figures/ScaleFactors/Prefire/sr_vbf_qcd_zvv.pdf, id=3326, 505.89pt x 505.89pt>
File: 3_DataAnalysisStrategy/Figures/ScaleFactors/Prefire/sr_vbf_qcd_zvv.pdf Graphic file (type pdf)
<use 3_DataAnalysisStrategy/Figures/ScaleFactors/Prefire/sr_vbf_qcd_zvv.pdf>
Package pdftex.def Info: 3_DataAnalysisStrategy/Figures/ScaleFactors/Prefire/sr_vbf_qcd_zvv.pdf  used on input line 433.
(pdftex.def)             Requested size: 212.47617pt x 212.48006pt.
<3_DataAnalysisStrategy/Figures/ScaleFactors/Prefire/sr_vbf_vbfhinv.pdf, id=3327, 505.89pt x 505.89pt>
File: 3_DataAnalysisStrategy/Figures/ScaleFactors/Prefire/sr_vbf_vbfhinv.pdf Graphic file (type pdf)
<use 3_DataAnalysisStrategy/Figures/ScaleFactors/Prefire/sr_vbf_vbfhinv.pdf>
Package pdftex.def Info: 3_DataAnalysisStrategy/Figures/ScaleFactors/Prefire/sr_vbf_vbfhinv.pdf  used on input line 434.
(pdftex.def)             Requested size: 212.47617pt x 212.48006pt.
 [86

] [87 <./3_DataAnalysisStrategy/Figures/ScaleFactors/Prefire/cr_1e_vbf.pdf> <./3_DataAnalysisStrategy/Figures/ScaleFactors/Prefire/cr_1m_vbf.pdf

pdfTeX warning: pdflatex (file ./3_DataAnalysisStrategy/Figures/ScaleFactors/Prefire/cr_1m_vbf.pdf): PDF inclusion: multiple pdfs with page group included in a single page
> <./3_DataAnalysisStrategy/Figures/ScaleFactors/Prefire/cr_2e_vbf.pdf

pdfTeX warning: pdflatex (file ./3_DataAnalysisStrategy/Figures/ScaleFactors/Prefire/cr_2e_vbf.pdf): PDF inclusion: multiple pdfs with page group included in a single page
> <./3_DataAnalysisStrategy/Figures/ScaleFactors/Prefire/cr_2m_vbf.pdf

pdfTeX warning: pdflatex (file ./3_DataAnalysisStrategy/Figures/ScaleFactors/Prefire/cr_2m_vbf.pdf): PDF inclusion: multiple pdfs with page group included in a single page
>] [88 <./3_DataAnalysisStrategy/Figures/ScaleFactors/Prefire/cr_g_vbf.pdf> <./3_DataAnalysisStrategy/Figures/ScaleFactors/Prefire/sr_vbf_qcd_wlv.pdf

pdfTeX warning: pdflatex (file ./3_DataAnalysisStrategy/Figures/ScaleFactors/Prefire/sr_vbf_qcd_wlv.pdf): PDF inclusion: multiple pdfs with page group included in a single page
> <./3_DataAnalysisStrategy/Figures/ScaleFactors/Prefire/sr_vbf_qcd_zvv.pdf

pdfTeX warning: pdflatex (file ./3_DataAnalysisStrategy/Figures/ScaleFactors/Prefire/sr_vbf_qcd_zvv.pdf): PDF inclusion: multiple pdfs with page group included in a single page
> <./3_DataAnalysisStrategy/Figures/ScaleFactors/Prefire/sr_vbf_vbfhinv.pdf

pdfTeX warning: pdflatex (file ./3_DataAnalysisStrategy/Figures/ScaleFactors/Prefire/sr_vbf_vbfhinv.pdf): PDF inclusion: multiple pdfs with page group included in a single page
>] [89] [90]
<3_DataAnalysisStrategy/Figures/ScaleFactors/NLO/2d_gjets_gen_vpt_vbf_stat1.pdf, id=3795, 433.62pt x 542.025pt>
File: 3_DataAnalysisStrategy/Figures/ScaleFactors/NLO/2d_gjets_gen_vpt_vbf_stat1.pdf Graphic file (type pdf)
<use 3_DataAnalysisStrategy/Figures/ScaleFactors/NLO/2d_gjets_gen_vpt_vbf_stat1.pdf>
Package pdftex.def Info: 3_DataAnalysisStrategy/Figures/ScaleFactors/NLO/2d_gjets_gen_vpt_vbf_stat1.pdf  used on input line 511.
(pdftex.def)             Requested size: 212.47617pt x 265.59456pt.
<3_DataAnalysisStrategy/Figures/ScaleFactors/NLO/nlo_ewk.pdf, id=3796, 462.52798pt x 346.89601pt>
File: 3_DataAnalysisStrategy/Figures/ScaleFactors/NLO/nlo_ewk.pdf Graphic file (type pdf)
<use 3_DataAnalysisStrategy/Figures/ScaleFactors/NLO/nlo_ewk.pdf>
Package pdftex.def Info: 3_DataAnalysisStrategy/Figures/ScaleFactors/NLO/nlo_ewk.pdf  used on input line 528.
(pdftex.def)             Requested size: 212.47617pt x 159.35707pt.
 [91 <./3_DataAnalysisStrategy/Figures/ScaleFactors/NLO/2d_gjets_gen_vpt_vbf_stat1.pdf>]
<3_DataAnalysisStrategy/Figures/ScaleFactors/NLO/nlo_qcd_for_ewk_dy.pdf, id=3843, 462.52798pt x 346.89601pt>
File: 3_DataAnalysisStrategy/Figures/ScaleFactors/NLO/nlo_qcd_for_ewk_dy.pdf Graphic file (type pdf)
<use 3_DataAnalysisStrategy/Figures/ScaleFactors/NLO/nlo_qcd_for_ewk_dy.pdf>
Package pdftex.def Info: 3_DataAnalysisStrategy/Figures/ScaleFactors/NLO/nlo_qcd_for_ewk_dy.pdf  used on input line 543.
(pdftex.def)             Requested size: 212.47617pt x 159.35707pt.
<3_DataAnalysisStrategy/Figures/ScaleFactors/NLO/nlo_qcd_for_ewk_w.pdf, id=3844, 462.52798pt x 346.89601pt>
File: 3_DataAnalysisStrategy/Figures/ScaleFactors/NLO/nlo_qcd_for_ewk_w.pdf Graphic file (type pdf)
<use 3_DataAnalysisStrategy/Figures/ScaleFactors/NLO/nlo_qcd_for_ewk_w.pdf>
Package pdftex.def Info: 3_DataAnalysisStrategy/Figures/ScaleFactors/NLO/nlo_qcd_for_ewk_w.pdf  used on input line 544.
(pdftex.def)             Requested size: 212.47617pt x 159.35707pt.
 [92 <./3_DataAnalysisStrategy/Figures/ScaleFactors/NLO/nlo_ewk.pdf> <./3_DataAnalysisStrategy/Figures/ScaleFactors/NLO/nlo_qcd_for_ewk_dy.pdf

pdfTeX warning: pdflatex (file ./3_DataAnalysisStrategy/Figures/ScaleFactors/NLO/nlo_qcd_for_ewk_dy.pdf): PDF inclusion: multiple pdfs with page group included in a single page
> <./3_DataAnalysisStrategy/Figures/ScaleFactors/NLO/nlo_qcd_for_ewk_w.pdf

pdfTeX warning: pdflatex (file ./3_DataAnalysisStrategy/Figures/ScaleFactors/NLO/nlo_qcd_for_ewk_w.pdf): PDF inclusion: multiple pdfs with page group included in a single page
>]) (./3_DataAnalysisStrategy/data_quality.tex [93

] [94]
Overfull \hbox (0.50328pt too wide) in paragraph at lines 74--75
[]\OT1/cmr/m/n/12 Exactly one well iden-ti-fied pho-ton (tight iden-ti-fi-ca-tion, as dis-cussed in Sec. 3.1.4[]) 
 []

[95] [96]
<3_DataAnalysisStrategy/Figures/HFStudy/sigmaetaetavssigmaphiphi_METenriched.pdf, id=4000, 569.12625pt x 388.45125pt>
File: 3_DataAnalysisStrategy/Figures/HFStudy/sigmaetaetavssigmaphiphi_METenriched.pdf Graphic file (type pdf)
<use 3_DataAnalysisStrategy/Figures/HFStudy/sigmaetaetavssigmaphiphi_METenriched.pdf>
Package pdftex.def Info: 3_DataAnalysisStrategy/Figures/HFStudy/sigmaetaetavssigmaphiphi_METenriched.pdf  used on input line 119.
(pdftex.def)             Requested size: 195.12767pt x 133.18007pt.
<3_DataAnalysisStrategy/Figures/HFStudy/sigmaetaetavssigmaphiphi_METenriched_eta3p25to4.pdf, id=4001, 569.12625pt x 388.45125pt>
File: 3_DataAnalysisStrategy/Figures/HFStudy/sigmaetaetavssigmaphiphi_METenriched_eta3p25to4.pdf Graphic file (type pdf)
<use 3_DataAnalysisStrategy/Figures/HFStudy/sigmaetaetavssigmaphiphi_METenriched_eta3p25to4.pdf>
Package pdftex.def Info: 3_DataAnalysisStrategy/Figures/HFStudy/sigmaetaetavssigmaphiphi_METenriched_eta3p25to4.pdf  used on input line 120.
(pdftex.def)             Requested size: 195.12767pt x 133.18007pt.
<3_DataAnalysisStrategy/Figures/HFStudy/sigmaetaetavssigmaphiphi_METenriched_eta4to5p2.pdf, id=4002, 569.12625pt x 388.45125pt>
File: 3_DataAnalysisStrategy/Figures/HFStudy/sigmaetaetavssigmaphiphi_METenriched_eta4to5p2.pdf Graphic file (type pdf)
<use 3_DataAnalysisStrategy/Figures/HFStudy/sigmaetaetavssigmaphiphi_METenriched_eta4to5p2.pdf>
Package pdftex.def Info: 3_DataAnalysisStrategy/Figures/HFStudy/sigmaetaetavssigmaphiphi_METenriched_eta4to5p2.pdf  used on input line 121.
(pdftex.def)             Requested size: 195.12767pt x 133.18007pt.
<3_DataAnalysisStrategy/Figures/HFStudy/sigmaetaetavssigmaphiphi_photonjets.pdf, id=4003, 569.12625pt x 388.45125pt>
File: 3_DataAnalysisStrategy/Figures/HFStudy/sigmaetaetavssigmaphiphi_photonjets.pdf Graphic file (type pdf)
<use 3_DataAnalysisStrategy/Figures/HFStudy/sigmaetaetavssigmaphiphi_photonjets.pdf>
Package pdftex.def Info: 3_DataAnalysisStrategy/Figures/HFStudy/sigmaetaetavssigmaphiphi_photonjets.pdf  used on input line 130.
(pdftex.def)             Requested size: 195.12767pt x 133.18007pt.
<3_DataAnalysisStrategy/Figures/HFStudy/sigmaetaetavssigmaphiphi_photonjets_eta3p25to4.pdf, id=4004, 569.12625pt x 388.45125pt>
File: 3_DataAnalysisStrategy/Figures/HFStudy/sigmaetaetavssigmaphiphi_photonjets_eta3p25to4.pdf Graphic file (type pdf)
<use 3_DataAnalysisStrategy/Figures/HFStudy/sigmaetaetavssigmaphiphi_photonjets_eta3p25to4.pdf>
Package pdftex.def Info: 3_DataAnalysisStrategy/Figures/HFStudy/sigmaetaetavssigmaphiphi_photonjets_eta3p25to4.pdf  used on input line 131.
(pdftex.def)             Requested size: 195.12767pt x 133.18007pt.
<3_DataAnalysisStrategy/Figures/HFStudy/sigmaetaetavssigmaphiphi_photonjets_eta4to5p2.pdf, id=4005, 569.12625pt x 388.45125pt>
File: 3_DataAnalysisStrategy/Figures/HFStudy/sigmaetaetavssigmaphiphi_photonjets_eta4to5p2.pdf Graphic file (type pdf)
<use 3_DataAnalysisStrategy/Figures/HFStudy/sigmaetaetavssigmaphiphi_photonjets_eta4to5p2.pdf>
Package pdftex.def Info: 3_DataAnalysisStrategy/Figures/HFStudy/sigmaetaetavssigmaphiphi_photonjets_eta4to5p2.pdf  used on input line 132.
(pdftex.def)             Requested size: 195.12767pt x 133.18007pt.
<3_DataAnalysisStrategy/Figures/HFStudy/etasizecentralvsadj_METenriched.pdf, id=4006, 569.12625pt x 388.45125pt>
File: 3_DataAnalysisStrategy/Figures/HFStudy/etasizecentralvsadj_METenriched.pdf Graphic file (type pdf)
<use 3_DataAnalysisStrategy/Figures/HFStudy/etasizecentralvsadj_METenriched.pdf>
Package pdftex.def Info: 3_DataAnalysisStrategy/Figures/HFStudy/etasizecentralvsadj_METenriched.pdf  used on input line 147.
(pdftex.def)             Requested size: 195.12767pt x 133.18007pt.
<3_DataAnalysisStrategy/Figures/HFStudy/etasizecentralvsadj_METenriched_eta3p25to4.pdf, id=4007, 569.12625pt x 388.45125pt>
File: 3_DataAnalysisStrategy/Figures/HFStudy/etasizecentralvsadj_METenriched_eta3p25to4.pdf Graphic file (type pdf)
<use 3_DataAnalysisStrategy/Figures/HFStudy/etasizecentralvsadj_METenriched_eta3p25to4.pdf>
Package pdftex.def Info: 3_DataAnalysisStrategy/Figures/HFStudy/etasizecentralvsadj_METenriched_eta3p25to4.pdf  used on input line 148.
(pdftex.def)             Requested size: 195.12767pt x 133.18007pt.
<3_DataAnalysisStrategy/Figures/HFStudy/etasizecentralvsadj_METenriched_eta4to5p2.pdf, id=4008, 569.12625pt x 388.45125pt>
File: 3_DataAnalysisStrategy/Figures/HFStudy/etasizecentralvsadj_METenriched_eta4to5p2.pdf Graphic file (type pdf)
<use 3_DataAnalysisStrategy/Figures/HFStudy/etasizecentralvsadj_METenriched_eta4to5p2.pdf>
Package pdftex.def Info: 3_DataAnalysisStrategy/Figures/HFStudy/etasizecentralvsadj_METenriched_eta4to5p2.pdf  used on input line 149.
(pdftex.def)             Requested size: 195.12767pt x 133.18007pt.
<3_DataAnalysisStrategy/Figures/HFStudy/etasizecentralvsadj_gammajets.pdf, id=4009, 569.12625pt x 388.45125pt>
File: 3_DataAnalysisStrategy/Figures/HFStudy/etasizecentralvsadj_gammajets.pdf Graphic file (type pdf)
<use 3_DataAnalysisStrategy/Figures/HFStudy/etasizecentralvsadj_gammajets.pdf>
Package pdftex.def Info: 3_DataAnalysisStrategy/Figures/HFStudy/etasizecentralvsadj_gammajets.pdf  used on input line 157.
(pdftex.def)             Requested size: 195.12767pt x 133.18007pt.
<3_DataAnalysisStrategy/Figures/HFStudy/etasizecentralvsadj_gammajets_eta3p25to4.pdf, id=4010, 569.12625pt x 388.45125pt>
File: 3_DataAnalysisStrategy/Figures/HFStudy/etasizecentralvsadj_gammajets_eta3p25to4.pdf Graphic file (type pdf)
<use 3_DataAnalysisStrategy/Figures/HFStudy/etasizecentralvsadj_gammajets_eta3p25to4.pdf>
Package pdftex.def Info: 3_DataAnalysisStrategy/Figures/HFStudy/etasizecentralvsadj_gammajets_eta3p25to4.pdf  used on input line 158.
(pdftex.def)             Requested size: 195.12767pt x 133.18007pt.
<3_DataAnalysisStrategy/Figures/HFStudy/etasizecentralvsadj_gammajets_eta4to5p2.pdf, id=4011, 569.12625pt x 388.45125pt>
File: 3_DataAnalysisStrategy/Figures/HFStudy/etasizecentralvsadj_gammajets_eta4to5p2.pdf Graphic file (type pdf)
<use 3_DataAnalysisStrategy/Figures/HFStudy/etasizecentralvsadj_gammajets_eta4to5p2.pdf>
Package pdftex.def Info: 3_DataAnalysisStrategy/Figures/HFStudy/etasizecentralvsadj_gammajets_eta4to5p2.pdf  used on input line 159.
(pdftex.def)             Requested size: 195.12767pt x 133.18007pt.
 [97] [98 <./3_DataAnalysisStrategy/Figures/HFStudy/sigmaetaetavssigmaphiphi_METenriched.pdf, page is rotated 90 degrees> <./3_DataAnalysisStrategy/Figures/HFStudy/sigmaetaetavssigmaphiphi_METenriched_eta3p25to4.pdf, page is rotated 90 degrees> <./3_DataAnalysisStrategy/Figures/HFStudy/sigmaetaetavssigmaphiphi_METenriched_eta4to5p2.pdf, page is rotated 90 degrees>] [99 <./3_DataAnalysisStrategy/Figures/HFStudy/sigmaetaetavssigmaphiphi_photonjets.pdf, page is rotated 90 degrees> <./3_DataAnalysisStrategy/Figures/HFStudy/sigmaetaetavssigmaphiphi_photonjets_eta3p25to4.pdf, page is rotated 90 degrees> <./3_DataAnalysisStrategy/Figures/HFStudy/sigmaetaetavssigmaphiphi_photonjets_eta4to5p2.pdf, page is rotated 90 degrees>] [100 <./3_DataAnalysisStrategy/Figures/HFStudy/etasizecentralvsadj_METenriched.pdf, page is rotated 90 degrees> <./3_DataAnalysisStrategy/Figures/HFStudy/etasizecentralvsadj_METenriched_eta3p25to4.pdf, page is rotated 90 degrees> <./3_DataAnalysisStrategy/Figures/HFStudy/etasizecentralvsadj_METenriched_eta4to5p2.pdf, page is rotated 90 degrees>] [101 <./3_DataAnalysisStrategy/Figures/HFStudy/etasizecentralvsadj_gammajets.pdf, page is rotated 90 degrees> <./3_DataAnalysisStrategy/Figures/HFStudy/etasizecentralvsadj_gammajets_eta3p25to4.pdf, page is rotated 90 degrees> <./3_DataAnalysisStrategy/Figures/HFStudy/etasizecentralvsadj_gammajets_eta4to5p2.pdf, page is rotated 90 degrees>] [102]
<3_DataAnalysisStrategy/Figures/HFStudy/NoiseEstimation/cr_vbf_qcd_mjj_2017.pdf, id=4549, 462.52798pt x 346.89601pt>
File: 3_DataAnalysisStrategy/Figures/HFStudy/NoiseEstimation/cr_vbf_qcd_mjj_2017.pdf Graphic file (type pdf)
<use 3_DataAnalysisStrategy/Figures/HFStudy/NoiseEstimation/cr_vbf_qcd_mjj_2017.pdf>
Package pdftex.def Info: 3_DataAnalysisStrategy/Figures/HFStudy/NoiseEstimation/cr_vbf_qcd_mjj_2017.pdf  used on input line 232.
(pdftex.def)             Requested size: 212.47617pt x 159.35707pt.
<3_DataAnalysisStrategy/Figures/HFStudy/NoiseEstimation/qcd_estimation_mjj_2017.pdf, id=4550, 462.52798pt x 346.89601pt>
File: 3_DataAnalysisStrategy/Figures/HFStudy/NoiseEstimation/qcd_estimation_mjj_2017.pdf Graphic file (type pdf)
<use 3_DataAnalysisStrategy/Figures/HFStudy/NoiseEstimation/qcd_estimation_mjj_2017.pdf>
Package pdftex.def Info: 3_DataAnalysisStrategy/Figures/HFStudy/NoiseEstimation/qcd_estimation_mjj_2017.pdf  used on input line 233.
(pdftex.def)             Requested size: 212.47617pt x 159.35707pt.
<3_DataAnalysisStrategy/Figures/HFStudy/NoiseEstimation/cr_vbf_qcd_mjj_2018.pdf, id=4551, 462.52798pt x 346.89601pt>
File: 3_DataAnalysisStrategy/Figures/HFStudy/NoiseEstimation/cr_vbf_qcd_mjj_2018.pdf Graphic file (type pdf)
<use 3_DataAnalysisStrategy/Figures/HFStudy/NoiseEstimation/cr_vbf_qcd_mjj_2018.pdf>
Package pdftex.def Info: 3_DataAnalysisStrategy/Figures/HFStudy/NoiseEstimation/cr_vbf_qcd_mjj_2018.pdf  used on input line 234.
(pdftex.def)             Requested size: 212.47617pt x 159.35707pt.
<3_DataAnalysisStrategy/Figures/HFStudy/NoiseEstimation/qcd_estimation_mjj_2018.pdf, id=4552, 462.52798pt x 346.89601pt>
File: 3_DataAnalysisStrategy/Figures/HFStudy/NoiseEstimation/qcd_estimation_mjj_2018.pdf Graphic file (type pdf)
<use 3_DataAnalysisStrategy/Figures/HFStudy/NoiseEstimation/qcd_estimation_mjj_2018.pdf>
Package pdftex.def Info: 3_DataAnalysisStrategy/Figures/HFStudy/NoiseEstimation/qcd_estimation_mjj_2018.pdf  used on input line 235.
(pdftex.def)             Requested size: 212.47617pt x 159.35707pt.


LaTeX Warning: `!h' float specifier changed to `!ht'.

[103] [104 <./3_DataAnalysisStrategy/Figures/HFStudy/NoiseEstimation/cr_vbf_qcd_mjj_2017.pdf> <./3_DataAnalysisStrategy/Figures/HFStudy/NoiseEstimation/qcd_estimation_mjj_2017.pdf

pdfTeX warning: pdflatex (file ./3_DataAnalysisStrategy/Figures/HFStudy/NoiseEstimation/qcd_estimation_mjj_2017.pdf): PDF inclusion: multiple pdfs with page group included in a single page
> <./3_DataAnalysisStrategy/Figures/HFStudy/NoiseEstimation/cr_vbf_qcd_mjj_2018.pdf

pdfTeX warning: pdflatex (file ./3_DataAnalysisStrategy/Figures/HFStudy/NoiseEstimation/cr_vbf_qcd_mjj_2018.pdf): PDF inclusion: multiple pdfs with page group included in a single page
> <./3_DataAnalysisStrategy/Figures/HFStudy/NoiseEstimation/qcd_estimation_mjj_2018.pdf

pdfTeX warning: pdflatex (file ./3_DataAnalysisStrategy/Figures/HFStudy/NoiseEstimation/qcd_estimation_mjj_2018.pdf): PDF inclusion: multiple pdfs with page group included in a single page
>]
<3_DataAnalysisStrategy/Figures/HFStudy/NoiseEstimation/data_mc_eta_3_3_25_combined.pdf, id=4754, 505.89pt x 505.89pt>
File: 3_DataAnalysisStrategy/Figures/HFStudy/NoiseEstimation/data_mc_eta_3_3_25_combined.pdf Graphic file (type pdf)
<use 3_DataAnalysisStrategy/Figures/HFStudy/NoiseEstimation/data_mc_eta_3_3_25_combined.pdf>
Package pdftex.def Info: 3_DataAnalysisStrategy/Figures/HFStudy/NoiseEstimation/data_mc_eta_3_3_25_combined.pdf  used on input line 261.
(pdftex.def)             Requested size: 303.53267pt x 303.53633pt.


LaTeX Warning: `!h' float specifier changed to `!ht'.

[105] [106 <./3_DataAnalysisStrategy/Figures/HFStudy/NoiseEstimation/data_mc_eta_3_3_25_combined.pdf>]
<3_DataAnalysisStrategy/Figures/HEMStudy/cr_1e_vbf_no_hemveto_data_mc_electron_eta_2018.pdf, id=4783, 505.89pt x 505.89pt>
File: 3_DataAnalysisStrategy/Figures/HEMStudy/cr_1e_vbf_no_hemveto_data_mc_electron_eta_2018.pdf Graphic file (type pdf)
<use 3_DataAnalysisStrategy/Figures/HEMStudy/cr_1e_vbf_no_hemveto_data_mc_electron_eta_2018.pdf>
Package pdftex.def Info: 3_DataAnalysisStrategy/Figures/HEMStudy/cr_1e_vbf_no_hemveto_data_mc_electron_eta_2018.pdf  used on input line 307.
(pdftex.def)             Requested size: 212.47617pt x 212.48006pt.
<3_DataAnalysisStrategy/Figures/HEMStudy/cr_1e_vbf_no_hemveto_data_mc_electron_phi_2018.pdf, id=4784, 505.89pt x 505.89pt>
File: 3_DataAnalysisStrategy/Figures/HEMStudy/cr_1e_vbf_no_hemveto_data_mc_electron_phi_2018.pdf Graphic file (type pdf)
<use 3_DataAnalysisStrategy/Figures/HEMStudy/cr_1e_vbf_no_hemveto_data_mc_electron_phi_2018.pdf>
Package pdftex.def Info: 3_DataAnalysisStrategy/Figures/HEMStudy/cr_1e_vbf_no_hemveto_data_mc_electron_phi_2018.pdf  used on input line 308.
(pdftex.def)             Requested size: 212.47617pt x 212.48006pt.
<3_DataAnalysisStrategy/Figures/HEMStudy/cr_1e_vbf_data_mc_electron_eta_2018.pdf, id=4785, 505.89pt x 505.89pt>
File: 3_DataAnalysisStrategy/Figures/HEMStudy/cr_1e_vbf_data_mc_electron_eta_2018.pdf Graphic file (type pdf)
<use 3_DataAnalysisStrategy/Figures/HEMStudy/cr_1e_vbf_data_mc_electron_eta_2018.pdf>
Package pdftex.def Info: 3_DataAnalysisStrategy/Figures/HEMStudy/cr_1e_vbf_data_mc_electron_eta_2018.pdf  used on input line 309.
(pdftex.def)             Requested size: 212.47617pt x 212.48006pt.
<3_DataAnalysisStrategy/Figures/HEMStudy/cr_1e_vbf_data_mc_electron_phi_2018.pdf, id=4786, 505.89pt x 505.89pt>
File: 3_DataAnalysisStrategy/Figures/HEMStudy/cr_1e_vbf_data_mc_electron_phi_2018.pdf Graphic file (type pdf)
<use 3_DataAnalysisStrategy/Figures/HEMStudy/cr_1e_vbf_data_mc_electron_phi_2018.pdf>
Package pdftex.def Info: 3_DataAnalysisStrategy/Figures/HEMStudy/cr_1e_vbf_data_mc_electron_phi_2018.pdf  used on input line 310.
(pdftex.def)             Requested size: 212.47617pt x 212.48006pt.
 [107] [108 <./3_DataAnalysisStrategy/Figures/HEMStudy/cr_1e_vbf_no_hemveto_data_mc_electron_eta_2018.pdf> <./3_DataAnalysisStrategy/Figures/HEMStudy/cr_1e_vbf_no_hemveto_data_mc_electron_phi_2018.pdf

pdfTeX warning: pdflatex (file ./3_DataAnalysisStrategy/Figures/HEMStudy/cr_1e_vbf_no_hemveto_data_mc_electron_phi_2018.pdf): PDF inclusion: multiple pdfs with page group included in a single page
> <./3_DataAnalysisStrategy/Figures/HEMStudy/cr_1e_vbf_data_mc_electron_eta_2018.pdf

pdfTeX warning: pdflatex (file ./3_DataAnalysisStrategy/Figures/HEMStudy/cr_1e_vbf_data_mc_electron_eta_2018.pdf): PDF inclusion: multiple pdfs with page group included in a single page
> <./3_DataAnalysisStrategy/Figures/HEMStudy/cr_1e_vbf_data_mc_electron_phi_2018.pdf

pdfTeX warning: pdflatex (file ./3_DataAnalysisStrategy/Figures/HEMStudy/cr_1e_vbf_data_mc_electron_phi_2018.pdf): PDF inclusion: multiple pdfs with page group included in a single page
>]
<3_DataAnalysisStrategy/Figures/HEMStudy/Leading_jet_phi.pdf, id=5056, 524.96124pt x 569.12625pt>
File: 3_DataAnalysisStrategy/Figures/HEMStudy/Leading_jet_phi.pdf Graphic file (type pdf)
<use 3_DataAnalysisStrategy/Figures/HEMStudy/Leading_jet_phi.pdf>
Package pdftex.def Info: 3_DataAnalysisStrategy/Figures/HEMStudy/Leading_jet_phi.pdf  used on input line 345.
(pdftex.def)             Requested size: 212.47617pt x 230.34723pt.
<3_DataAnalysisStrategy/Figures/HEMStudy/Subleading_jet_phi.pdf, id=5057, 524.96124pt x 569.12625pt>
File: 3_DataAnalysisStrategy/Figures/HEMStudy/Subleading_jet_phi.pdf Graphic file (type pdf)
<use 3_DataAnalysisStrategy/Figures/HEMStudy/Subleading_jet_phi.pdf>
Package pdftex.def Info: 3_DataAnalysisStrategy/Figures/HEMStudy/Subleading_jet_phi.pdf  used on input line 346.
(pdftex.def)             Requested size: 212.47617pt x 230.34723pt.
<3_DataAnalysisStrategy/Figures/HEMStudy/MetNoMu_phi.pdf, id=5058, 524.96124pt x 569.12625pt>
File: 3_DataAnalysisStrategy/Figures/HEMStudy/MetNoMu_phi.pdf Graphic file (type pdf)
<use 3_DataAnalysisStrategy/Figures/HEMStudy/MetNoMu_phi.pdf>
Package pdftex.def Info: 3_DataAnalysisStrategy/Figures/HEMStudy/MetNoMu_phi.pdf  used on input line 355.
(pdftex.def)             Requested size: 303.53267pt x 329.07741pt.
 [109 <./3_DataAnalysisStrategy/Figures/HEMStudy/Leading_jet_phi.pdf> <./3_DataAnalysisStrategy/Figures/HEMStudy/Subleading_jet_phi.pdf>] [110 <./3_DataAnalysisStrategy/Figures/HEMStudy/MetNoMu_phi.pdf>]) (./3_DataAnalysisStrategy/selection.tex [111

]
<3_DataAnalysisStrategy/Figures/QCDV2j_Feynman.pdf, id=5199, 254.24586pt x 170.70174pt>
File: 3_DataAnalysisStrategy/Figures/QCDV2j_Feynman.pdf Graphic file (type pdf)
<use 3_DataAnalysisStrategy/Figures/QCDV2j_Feynman.pdf>
Package pdftex.def Info: 3_DataAnalysisStrategy/Figures/QCDV2j_Feynman.pdf  used on input line 64.
(pdftex.def)             Requested size: 195.12767pt x 131.01357pt.
<3_DataAnalysisStrategy/Figures/VBFV2j_Feynman.pdf, id=5200, 250.92143pt x 170.70174pt>
File: 3_DataAnalysisStrategy/Figures/VBFV2j_Feynman.pdf Graphic file (type pdf)
<use 3_DataAnalysisStrategy/Figures/VBFV2j_Feynman.pdf>
Package pdftex.def Info: 3_DataAnalysisStrategy/Figures/VBFV2j_Feynman.pdf  used on input line 65.
(pdftex.def)             Requested size: 195.12767pt x 132.75089pt.
 [112] [113 <./3_DataAnalysisStrategy/Figures/QCDV2j_Feynman.pdf> <./3_DataAnalysisStrategy/Figures/VBFV2j_Feynman.pdf>] [114]
<3_DataAnalysisStrategy/Figures/DataMC/merged_2023-04-08_vbfhinv_full_analysis/sr_vbf/sr_vbf_data_mc_recoil_2017.pdf, id=5230, 505.89pt x 505.89pt>
File: 3_DataAnalysisStrategy/Figures/DataMC/merged_2023-04-08_vbfhinv_full_analysis/sr_vbf/sr_vbf_data_mc_recoil_2017.pdf Graphic file (type pdf)
<use 3_DataAnalysisStrategy/Figures/DataMC/merged_2023-04-08_vbfhinv_full_analysis/sr_vbf/sr_vbf_data_mc_recoil_2017.pdf>
Package pdftex.def Info: 3_DataAnalysisStrategy/Figures/DataMC/merged_2023-04-08_vbfhinv_full_analysis/sr_vbf/sr_vbf_data_mc_recoil_2017.pdf  used on input line 148.
(pdftex.def)             Requested size: 212.47617pt x 212.48006pt.
<3_DataAnalysisStrategy/Figures/DataMC/merged_2023-04-08_vbfhinv_full_analysis/sr_vbf/sr_vbf_data_mc_mjj_2017.pdf, id=5231, 505.89pt x 505.89pt>
File: 3_DataAnalysisStrategy/Figures/DataMC/merged_2023-04-08_vbfhinv_full_analysis/sr_vbf/sr_vbf_data_mc_mjj_2017.pdf Graphic file (type pdf)
<use 3_DataAnalysisStrategy/Figures/DataMC/merged_2023-04-08_vbfhinv_full_analysis/sr_vbf/sr_vbf_data_mc_mjj_2017.pdf>
Package pdftex.def Info: 3_DataAnalysisStrategy/Figures/DataMC/merged_2023-04-08_vbfhinv_full_analysis/sr_vbf/sr_vbf_data_mc_mjj_2017.pdf  used on input line 149.
(pdftex.def)             Requested size: 212.47617pt x 212.48006pt.
<3_DataAnalysisStrategy/Figures/DataMC/merged_2023-04-08_vbfhinv_full_analysis/sr_vbf/sr_vbf_data_mc_detajj_2017.pdf, id=5232, 505.89pt x 505.89pt>
File: 3_DataAnalysisStrategy/Figures/DataMC/merged_2023-04-08_vbfhinv_full_analysis/sr_vbf/sr_vbf_data_mc_detajj_2017.pdf Graphic file (type pdf)
<use 3_DataAnalysisStrategy/Figures/DataMC/merged_2023-04-08_vbfhinv_full_analysis/sr_vbf/sr_vbf_data_mc_detajj_2017.pdf>
Package pdftex.def Info: 3_DataAnalysisStrategy/Figures/DataMC/merged_2023-04-08_vbfhinv_full_analysis/sr_vbf/sr_vbf_data_mc_detajj_2017.pdf  used on input line 150.
(pdftex.def)             Requested size: 212.47617pt x 212.48006pt.
<3_DataAnalysisStrategy/Figures/DataMC/merged_2023-04-08_vbfhinv_full_analysis/sr_vbf/sr_vbf_data_mc_dphijj_2017.pdf, id=5233, 505.89pt x 505.89pt>
File: 3_DataAnalysisStrategy/Figures/DataMC/merged_2023-04-08_vbfhinv_full_analysis/sr_vbf/sr_vbf_data_mc_dphijj_2017.pdf Graphic file (type pdf)
<use 3_DataAnalysisStrategy/Figures/DataMC/merged_2023-04-08_vbfhinv_full_analysis/sr_vbf/sr_vbf_data_mc_dphijj_2017.pdf>
Package pdftex.def Info: 3_DataAnalysisStrategy/Figures/DataMC/merged_2023-04-08_vbfhinv_full_analysis/sr_vbf/sr_vbf_data_mc_dphijj_2017.pdf  used on input line 151.
(pdftex.def)             Requested size: 212.47617pt x 212.48006pt.
<3_DataAnalysisStrategy/Figures/DataMC/merged_2023-04-08_vbfhinv_full_analysis/sr_vbf/sr_vbf_data_mc_ak4_eta0_2017.pdf, id=5234, 505.89pt x 505.89pt>
File: 3_DataAnalysisStrategy/Figures/DataMC/merged_2023-04-08_vbfhinv_full_analysis/sr_vbf/sr_vbf_data_mc_ak4_eta0_2017.pdf Graphic file (type pdf)
<use 3_DataAnalysisStrategy/Figures/DataMC/merged_2023-04-08_vbfhinv_full_analysis/sr_vbf/sr_vbf_data_mc_ak4_eta0_2017.pdf>
Package pdftex.def Info: 3_DataAnalysisStrategy/Figures/DataMC/merged_2023-04-08_vbfhinv_full_analysis/sr_vbf/sr_vbf_data_mc_ak4_eta0_2017.pdf  used on input line 161.
(pdftex.def)             Requested size: 212.47617pt x 212.48006pt.
<3_DataAnalysisStrategy/Figures/DataMC/merged_2023-04-08_vbfhinv_full_analysis/sr_vbf/sr_vbf_data_mc_ak4_pt0_2017.pdf, id=5235, 505.89pt x 505.89pt>
File: 3_DataAnalysisStrategy/Figures/DataMC/merged_2023-04-08_vbfhinv_full_analysis/sr_vbf/sr_vbf_data_mc_ak4_pt0_2017.pdf Graphic file (type pdf)
<use 3_DataAnalysisStrategy/Figures/DataMC/merged_2023-04-08_vbfhinv_full_analysis/sr_vbf/sr_vbf_data_mc_ak4_pt0_2017.pdf>
Package pdftex.def Info: 3_DataAnalysisStrategy/Figures/DataMC/merged_2023-04-08_vbfhinv_full_analysis/sr_vbf/sr_vbf_data_mc_ak4_pt0_2017.pdf  used on input line 162.
(pdftex.def)             Requested size: 212.47617pt x 212.48006pt.
<3_DataAnalysisStrategy/Figures/DataMC/merged_2023-04-08_vbfhinv_full_analysis/sr_vbf/sr_vbf_data_mc_ak4_eta1_2017.pdf, id=5236, 505.89pt x 505.89pt>
File: 3_DataAnalysisStrategy/Figures/DataMC/merged_2023-04-08_vbfhinv_full_analysis/sr_vbf/sr_vbf_data_mc_ak4_eta1_2017.pdf Graphic file (type pdf)
<use 3_DataAnalysisStrategy/Figures/DataMC/merged_2023-04-08_vbfhinv_full_analysis/sr_vbf/sr_vbf_data_mc_ak4_eta1_2017.pdf>
Package pdftex.def Info: 3_DataAnalysisStrategy/Figures/DataMC/merged_2023-04-08_vbfhinv_full_analysis/sr_vbf/sr_vbf_data_mc_ak4_eta1_2017.pdf  used on input line 163.
(pdftex.def)             Requested size: 212.47617pt x 212.48006pt.
<3_DataAnalysisStrategy/Figures/DataMC/merged_2023-04-08_vbfhinv_full_analysis/sr_vbf/sr_vbf_data_mc_ak4_pt1_2017.pdf, id=5237, 505.89pt x 505.89pt>
File: 3_DataAnalysisStrategy/Figures/DataMC/merged_2023-04-08_vbfhinv_full_analysis/sr_vbf/sr_vbf_data_mc_ak4_pt1_2017.pdf Graphic file (type pdf)
<use 3_DataAnalysisStrategy/Figures/DataMC/merged_2023-04-08_vbfhinv_full_analysis/sr_vbf/sr_vbf_data_mc_ak4_pt1_2017.pdf>
Package pdftex.def Info: 3_DataAnalysisStrategy/Figures/DataMC/merged_2023-04-08_vbfhinv_full_analysis/sr_vbf/sr_vbf_data_mc_ak4_pt1_2017.pdf  used on input line 164.
(pdftex.def)             Requested size: 212.47617pt x 212.48006pt.
<3_DataAnalysisStrategy/Figures/DataMC/merged_2023-04-08_vbfhinv_full_analysis/sr_vbf/sr_vbf_data_mc_ak4_central_eta_2017.pdf, id=5238, 505.89pt x 505.89pt>
File: 3_DataAnalysisStrategy/Figures/DataMC/merged_2023-04-08_vbfhinv_full_analysis/sr_vbf/sr_vbf_data_mc_ak4_central_eta_2017.pdf Graphic file (type pdf)
<use 3_DataAnalysisStrategy/Figures/DataMC/merged_2023-04-08_vbfhinv_full_analysis/sr_vbf/sr_vbf_data_mc_ak4_central_eta_2017.pdf>
Package pdftex.def Info: 3_DataAnalysisStrategy/Figures/DataMC/merged_2023-04-08_vbfhinv_full_analysis/sr_vbf/sr_vbf_data_mc_ak4_central_eta_2017.pdf  used on input line 172.
(pdftex.def)             Requested size: 212.47617pt x 212.48006pt.
<3_DataAnalysisStrategy/Figures/DataMC/merged_2023-04-08_vbfhinv_full_analysis/sr_vbf/sr_vbf_data_mc_ak4_forward_eta_2017.pdf, id=5239, 505.89pt x 505.89pt>
File: 3_DataAnalysisStrategy/Figures/DataMC/merged_2023-04-08_vbfhinv_full_analysis/sr_vbf/sr_vbf_data_mc_ak4_forward_eta_2017.pdf Graphic file (type pdf)
<use 3_DataAnalysisStrategy/Figures/DataMC/merged_2023-04-08_vbfhinv_full_analysis/sr_vbf/sr_vbf_data_mc_ak4_forward_eta_2017.pdf>
Package pdftex.def Info: 3_DataAnalysisStrategy/Figures/DataMC/merged_2023-04-08_vbfhinv_full_analysis/sr_vbf/sr_vbf_data_mc_ak4_forward_eta_2017.pdf  used on input line 173.
(pdftex.def)             Requested size: 212.47617pt x 212.48006pt.
<3_DataAnalysisStrategy/Figures/DataMC/merged_2023-04-08_vbfhinv_full_analysis/sr_vbf/sr_vbf_data_mc_recoil_2018.pdf, id=5240, 505.89pt x 505.89pt>
File: 3_DataAnalysisStrategy/Figures/DataMC/merged_2023-04-08_vbfhinv_full_analysis/sr_vbf/sr_vbf_data_mc_recoil_2018.pdf Graphic file (type pdf)
<use 3_DataAnalysisStrategy/Figures/DataMC/merged_2023-04-08_vbfhinv_full_analysis/sr_vbf/sr_vbf_data_mc_recoil_2018.pdf>
Package pdftex.def Info: 3_DataAnalysisStrategy/Figures/DataMC/merged_2023-04-08_vbfhinv_full_analysis/sr_vbf/sr_vbf_data_mc_recoil_2018.pdf  used on input line 204.
(pdftex.def)             Requested size: 212.47617pt x 212.48006pt.
<3_DataAnalysisStrategy/Figures/DataMC/merged_2023-04-08_vbfhinv_full_analysis/sr_vbf/sr_vbf_data_mc_mjj_2018.pdf, id=5241, 505.89pt x 505.89pt>
File: 3_DataAnalysisStrategy/Figures/DataMC/merged_2023-04-08_vbfhinv_full_analysis/sr_vbf/sr_vbf_data_mc_mjj_2018.pdf Graphic file (type pdf)
<use 3_DataAnalysisStrategy/Figures/DataMC/merged_2023-04-08_vbfhinv_full_analysis/sr_vbf/sr_vbf_data_mc_mjj_2018.pdf>
Package pdftex.def Info: 3_DataAnalysisStrategy/Figures/DataMC/merged_2023-04-08_vbfhinv_full_analysis/sr_vbf/sr_vbf_data_mc_mjj_2018.pdf  used on input line 205.
(pdftex.def)             Requested size: 212.47617pt x 212.48006pt.
<3_DataAnalysisStrategy/Figures/DataMC/merged_2023-04-08_vbfhinv_full_analysis/sr_vbf/sr_vbf_data_mc_detajj_2018.pdf, id=5242, 505.89pt x 505.89pt>
File: 3_DataAnalysisStrategy/Figures/DataMC/merged_2023-04-08_vbfhinv_full_analysis/sr_vbf/sr_vbf_data_mc_detajj_2018.pdf Graphic file (type pdf)
<use 3_DataAnalysisStrategy/Figures/DataMC/merged_2023-04-08_vbfhinv_full_analysis/sr_vbf/sr_vbf_data_mc_detajj_2018.pdf>
Package pdftex.def Info: 3_DataAnalysisStrategy/Figures/DataMC/merged_2023-04-08_vbfhinv_full_analysis/sr_vbf/sr_vbf_data_mc_detajj_2018.pdf  used on input line 206.
(pdftex.def)             Requested size: 212.47617pt x 212.48006pt.
<3_DataAnalysisStrategy/Figures/DataMC/merged_2023-04-08_vbfhinv_full_analysis/sr_vbf/sr_vbf_data_mc_dphijj_2018.pdf, id=5243, 505.89pt x 505.89pt>
File: 3_DataAnalysisStrategy/Figures/DataMC/merged_2023-04-08_vbfhinv_full_analysis/sr_vbf/sr_vbf_data_mc_dphijj_2018.pdf Graphic file (type pdf)
<use 3_DataAnalysisStrategy/Figures/DataMC/merged_2023-04-08_vbfhinv_full_analysis/sr_vbf/sr_vbf_data_mc_dphijj_2018.pdf>
Package pdftex.def Info: 3_DataAnalysisStrategy/Figures/DataMC/merged_2023-04-08_vbfhinv_full_analysis/sr_vbf/sr_vbf_data_mc_dphijj_2018.pdf  used on input line 207.
(pdftex.def)             Requested size: 212.47617pt x 212.48006pt.
<3_DataAnalysisStrategy/Figures/DataMC/merged_2023-04-08_vbfhinv_full_analysis/sr_vbf/sr_vbf_data_mc_ak4_eta0_2018.pdf, id=5244, 505.89pt x 505.89pt>
File: 3_DataAnalysisStrategy/Figures/DataMC/merged_2023-04-08_vbfhinv_full_analysis/sr_vbf/sr_vbf_data_mc_ak4_eta0_2018.pdf Graphic file (type pdf)
<use 3_DataAnalysisStrategy/Figures/DataMC/merged_2023-04-08_vbfhinv_full_analysis/sr_vbf/sr_vbf_data_mc_ak4_eta0_2018.pdf>
Package pdftex.def Info: 3_DataAnalysisStrategy/Figures/DataMC/merged_2023-04-08_vbfhinv_full_analysis/sr_vbf/sr_vbf_data_mc_ak4_eta0_2018.pdf  used on input line 216.
(pdftex.def)             Requested size: 212.47617pt x 212.48006pt.
<3_DataAnalysisStrategy/Figures/DataMC/merged_2023-04-08_vbfhinv_full_analysis/sr_vbf/sr_vbf_data_mc_ak4_pt0_2018.pdf, id=5245, 505.89pt x 505.89pt>
File: 3_DataAnalysisStrategy/Figures/DataMC/merged_2023-04-08_vbfhinv_full_analysis/sr_vbf/sr_vbf_data_mc_ak4_pt0_2018.pdf Graphic file (type pdf)
<use 3_DataAnalysisStrategy/Figures/DataMC/merged_2023-04-08_vbfhinv_full_analysis/sr_vbf/sr_vbf_data_mc_ak4_pt0_2018.pdf>
Package pdftex.def Info: 3_DataAnalysisStrategy/Figures/DataMC/merged_2023-04-08_vbfhinv_full_analysis/sr_vbf/sr_vbf_data_mc_ak4_pt0_2018.pdf  used on input line 217.
(pdftex.def)             Requested size: 212.47617pt x 212.48006pt.
<3_DataAnalysisStrategy/Figures/DataMC/merged_2023-04-08_vbfhinv_full_analysis/sr_vbf/sr_vbf_data_mc_ak4_eta1_2018.pdf, id=5246, 505.89pt x 505.89pt>
File: 3_DataAnalysisStrategy/Figures/DataMC/merged_2023-04-08_vbfhinv_full_analysis/sr_vbf/sr_vbf_data_mc_ak4_eta1_2018.pdf Graphic file (type pdf)
<use 3_DataAnalysisStrategy/Figures/DataMC/merged_2023-04-08_vbfhinv_full_analysis/sr_vbf/sr_vbf_data_mc_ak4_eta1_2018.pdf>
Package pdftex.def Info: 3_DataAnalysisStrategy/Figures/DataMC/merged_2023-04-08_vbfhinv_full_analysis/sr_vbf/sr_vbf_data_mc_ak4_eta1_2018.pdf  used on input line 218.
(pdftex.def)             Requested size: 212.47617pt x 212.48006pt.
<3_DataAnalysisStrategy/Figures/DataMC/merged_2023-04-08_vbfhinv_full_analysis/sr_vbf/sr_vbf_data_mc_ak4_pt1_2018.pdf, id=5247, 505.89pt x 505.89pt>
File: 3_DataAnalysisStrategy/Figures/DataMC/merged_2023-04-08_vbfhinv_full_analysis/sr_vbf/sr_vbf_data_mc_ak4_pt1_2018.pdf Graphic file (type pdf)
<use 3_DataAnalysisStrategy/Figures/DataMC/merged_2023-04-08_vbfhinv_full_analysis/sr_vbf/sr_vbf_data_mc_ak4_pt1_2018.pdf>
Package pdftex.def Info: 3_DataAnalysisStrategy/Figures/DataMC/merged_2023-04-08_vbfhinv_full_analysis/sr_vbf/sr_vbf_data_mc_ak4_pt1_2018.pdf  used on input line 219.
(pdftex.def)             Requested size: 212.47617pt x 212.48006pt.
<3_DataAnalysisStrategy/Figures/DataMC/merged_2023-04-08_vbfhinv_full_analysis/sr_vbf/sr_vbf_data_mc_ak4_central_eta_2018.pdf, id=5248, 505.89pt x 505.89pt>
File: 3_DataAnalysisStrategy/Figures/DataMC/merged_2023-04-08_vbfhinv_full_analysis/sr_vbf/sr_vbf_data_mc_ak4_central_eta_2018.pdf Graphic file (type pdf)
<use 3_DataAnalysisStrategy/Figures/DataMC/merged_2023-04-08_vbfhinv_full_analysis/sr_vbf/sr_vbf_data_mc_ak4_central_eta_2018.pdf>
Package pdftex.def Info: 3_DataAnalysisStrategy/Figures/DataMC/merged_2023-04-08_vbfhinv_full_analysis/sr_vbf/sr_vbf_data_mc_ak4_central_eta_2018.pdf  used on input line 227.
(pdftex.def)             Requested size: 212.47617pt x 212.48006pt.
<3_DataAnalysisStrategy/Figures/DataMC/merged_2023-04-08_vbfhinv_full_analysis/sr_vbf/sr_vbf_data_mc_ak4_forward_eta_2018.pdf, id=5249, 505.89pt x 505.89pt>
File: 3_DataAnalysisStrategy/Figures/DataMC/merged_2023-04-08_vbfhinv_full_analysis/sr_vbf/sr_vbf_data_mc_ak4_forward_eta_2018.pdf Graphic file (type pdf)
<use 3_DataAnalysisStrategy/Figures/DataMC/merged_2023-04-08_vbfhinv_full_analysis/sr_vbf/sr_vbf_data_mc_ak4_forward_eta_2018.pdf>
Package pdftex.def Info: 3_DataAnalysisStrategy/Figures/DataMC/merged_2023-04-08_vbfhinv_full_analysis/sr_vbf/sr_vbf_data_mc_ak4_forward_eta_2018.pdf  used on input line 228.
(pdftex.def)             Requested size: 212.47617pt x 212.48006pt.
 [115] [116 <./3_DataAnalysisStrategy/Figures/DataMC/merged_2023-04-08_vbfhinv_full_analysis/sr_vbf/sr_vbf_data_mc_recoil_2017.pdf> <./3_DataAnalysisStrategy/Figures/DataMC/merged_2023-04-08_vbfhinv_full_analysis/sr_vbf/sr_vbf_data_mc_mjj_2017.pdf

pdfTeX warning: pdflatex (file ./3_DataAnalysisStrategy/Figures/DataMC/merged_2023-04-08_vbfhinv_full_analysis/sr_vbf/sr_vbf_data_mc_mjj_2017.pdf): PDF inclusion: multiple pdfs with page group included in a single page
> <./3_DataAnalysisStrategy/Figures/DataMC/merged_2023-04-08_vbfhinv_full_analysis/sr_vbf/sr_vbf_data_mc_detajj_2017.pdf

pdfTeX warning: pdflatex (file ./3_DataAnalysisStrategy/Figures/DataMC/merged_2023-04-08_vbfhinv_full_analysis/sr_vbf/sr_vbf_data_mc_detajj_2017.pdf): PDF inclusion: multiple pdfs with page group included in a single page
> <./3_DataAnalysisStrategy/Figures/DataMC/merged_2023-04-08_vbfhinv_full_analysis/sr_vbf/sr_vbf_data_mc_dphijj_2017.pdf

pdfTeX warning: pdflatex (file ./3_DataAnalysisStrategy/Figures/DataMC/merged_2023-04-08_vbfhinv_full_analysis/sr_vbf/sr_vbf_data_mc_dphijj_2017.pdf): PDF inclusion: multiple pdfs with page group included in a single page
>] [117 <./3_DataAnalysisStrategy/Figures/DataMC/merged_2023-04-08_vbfhinv_full_analysis/sr_vbf/sr_vbf_data_mc_ak4_eta0_2017.pdf> <./3_DataAnalysisStrategy/Figures/DataMC/merged_2023-04-08_vbfhinv_full_analysis/sr_vbf/sr_vbf_data_mc_ak4_pt0_2017.pdf

pdfTeX warning: pdflatex (file ./3_DataAnalysisStrategy/Figures/DataMC/merged_2023-04-08_vbfhinv_full_analysis/sr_vbf/sr_vbf_data_mc_ak4_pt0_2017.pdf): PDF inclusion: multiple pdfs with page group included in a single page
> <./3_DataAnalysisStrategy/Figures/DataMC/merged_2023-04-08_vbfhinv_full_analysis/sr_vbf/sr_vbf_data_mc_ak4_eta1_2017.pdf

pdfTeX warning: pdflatex (file ./3_DataAnalysisStrategy/Figures/DataMC/merged_2023-04-08_vbfhinv_full_analysis/sr_vbf/sr_vbf_data_mc_ak4_eta1_2017.pdf): PDF inclusion: multiple pdfs with page group included in a single page
> <./3_DataAnalysisStrategy/Figures/DataMC/merged_2023-04-08_vbfhinv_full_analysis/sr_vbf/sr_vbf_data_mc_ak4_pt1_2017.pdf

pdfTeX warning: pdflatex (file ./3_DataAnalysisStrategy/Figures/DataMC/merged_2023-04-08_vbfhinv_full_analysis/sr_vbf/sr_vbf_data_mc_ak4_pt1_2017.pdf): PDF inclusion: multiple pdfs with page group included in a single page
>] [118 <./3_DataAnalysisStrategy/Figures/DataMC/merged_2023-04-08_vbfhinv_full_analysis/sr_vbf/sr_vbf_data_mc_ak4_central_eta_2017.pdf> <./3_DataAnalysisStrategy/Figures/DataMC/merged_2023-04-08_vbfhinv_full_analysis/sr_vbf/sr_vbf_data_mc_ak4_forward_eta_2017.pdf

pdfTeX warning: pdflatex (file ./3_DataAnalysisStrategy/Figures/DataMC/merged_2023-04-08_vbfhinv_full_analysis/sr_vbf/sr_vbf_data_mc_ak4_forward_eta_2017.pdf): PDF inclusion: multiple pdfs with page group included in a single page
>] [119 <./3_DataAnalysisStrategy/Figures/DataMC/merged_2023-04-08_vbfhinv_full_analysis/sr_vbf/sr_vbf_data_mc_recoil_2018.pdf> <./3_DataAnalysisStrategy/Figures/DataMC/merged_2023-04-08_vbfhinv_full_analysis/sr_vbf/sr_vbf_data_mc_mjj_2018.pdf

pdfTeX warning: pdflatex (file ./3_DataAnalysisStrategy/Figures/DataMC/merged_2023-04-08_vbfhinv_full_analysis/sr_vbf/sr_vbf_data_mc_mjj_2018.pdf): PDF inclusion: multiple pdfs with page group included in a single page
> <./3_DataAnalysisStrategy/Figures/DataMC/merged_2023-04-08_vbfhinv_full_analysis/sr_vbf/sr_vbf_data_mc_detajj_2018.pdf

pdfTeX warning: pdflatex (file ./3_DataAnalysisStrategy/Figures/DataMC/merged_2023-04-08_vbfhinv_full_analysis/sr_vbf/sr_vbf_data_mc_detajj_2018.pdf): PDF inclusion: multiple pdfs with page group included in a single page
> <./3_DataAnalysisStrategy/Figures/DataMC/merged_2023-04-08_vbfhinv_full_analysis/sr_vbf/sr_vbf_data_mc_dphijj_2018.pdf

pdfTeX warning: pdflatex (file ./3_DataAnalysisStrategy/Figures/DataMC/merged_2023-04-08_vbfhinv_full_analysis/sr_vbf/sr_vbf_data_mc_dphijj_2018.pdf): PDF inclusion: multiple pdfs with page group included in a single page
>] [120 <./3_DataAnalysisStrategy/Figures/DataMC/merged_2023-04-08_vbfhinv_full_analysis/sr_vbf/sr_vbf_data_mc_ak4_eta0_2018.pdf> <./3_DataAnalysisStrategy/Figures/DataMC/merged_2023-04-08_vbfhinv_full_analysis/sr_vbf/sr_vbf_data_mc_ak4_pt0_2018.pdf

pdfTeX warning: pdflatex (file ./3_DataAnalysisStrategy/Figures/DataMC/merged_2023-04-08_vbfhinv_full_analysis/sr_vbf/sr_vbf_data_mc_ak4_pt0_2018.pdf): PDF inclusion: multiple pdfs with page group included in a single page
> <./3_DataAnalysisStrategy/Figures/DataMC/merged_2023-04-08_vbfhinv_full_analysis/sr_vbf/sr_vbf_data_mc_ak4_eta1_2018.pdf

pdfTeX warning: pdflatex (file ./3_DataAnalysisStrategy/Figures/DataMC/merged_2023-04-08_vbfhinv_full_analysis/sr_vbf/sr_vbf_data_mc_ak4_eta1_2018.pdf): PDF inclusion: multiple pdfs with page group included in a single page
> <./3_DataAnalysisStrategy/Figures/DataMC/merged_2023-04-08_vbfhinv_full_analysis/sr_vbf/sr_vbf_data_mc_ak4_pt1_2018.pdf

pdfTeX warning: pdflatex (file ./3_DataAnalysisStrategy/Figures/DataMC/merged_2023-04-08_vbfhinv_full_analysis/sr_vbf/sr_vbf_data_mc_ak4_pt1_2018.pdf): PDF inclusion: multiple pdfs with page group included in a single page
>] [121 <./3_DataAnalysisStrategy/Figures/DataMC/merged_2023-04-08_vbfhinv_full_analysis/sr_vbf/sr_vbf_data_mc_ak4_central_eta_2018.pdf> <./3_DataAnalysisStrategy/Figures/DataMC/merged_2023-04-08_vbfhinv_full_analysis/sr_vbf/sr_vbf_data_mc_ak4_forward_eta_2018.pdf

pdfTeX warning: pdflatex (file ./3_DataAnalysisStrategy/Figures/DataMC/merged_2023-04-08_vbfhinv_full_analysis/sr_vbf/sr_vbf_data_mc_ak4_forward_eta_2018.pdf): PDF inclusion: multiple pdfs with page group included in a single page
>]
<3_DataAnalysisStrategy/Figures/DataMC/merged_2023-04-08_vbfhinv_full_analysis/cr_1m_vbf/cr_1m_vbf_data_mc_mjj_2017.pdf, id=6785, 505.89pt x 505.89pt>
File: 3_DataAnalysisStrategy/Figures/DataMC/merged_2023-04-08_vbfhinv_full_analysis/cr_1m_vbf/cr_1m_vbf_data_mc_mjj_2017.pdf Graphic file (type pdf)
<use 3_DataAnalysisStrategy/Figures/DataMC/merged_2023-04-08_vbfhinv_full_analysis/cr_1m_vbf/cr_1m_vbf_data_mc_mjj_2017.pdf>
Package pdftex.def Info: 3_DataAnalysisStrategy/Figures/DataMC/merged_2023-04-08_vbfhinv_full_analysis/cr_1m_vbf/cr_1m_vbf_data_mc_mjj_2017.pdf  used on input line 273.
(pdftex.def)             Requested size: 212.47617pt x 212.48006pt.
<3_DataAnalysisStrategy/Figures/DataMC/merged_2023-04-08_vbfhinv_full_analysis/cr_1m_vbf/cr_1m_vbf_data_mc_detajj_2017.pdf, id=6786, 505.89pt x 505.89pt>
File: 3_DataAnalysisStrategy/Figures/DataMC/merged_2023-04-08_vbfhinv_full_analysis/cr_1m_vbf/cr_1m_vbf_data_mc_detajj_2017.pdf Graphic file (type pdf)
<use 3_DataAnalysisStrategy/Figures/DataMC/merged_2023-04-08_vbfhinv_full_analysis/cr_1m_vbf/cr_1m_vbf_data_mc_detajj_2017.pdf>
Package pdftex.def Info: 3_DataAnalysisStrategy/Figures/DataMC/merged_2023-04-08_vbfhinv_full_analysis/cr_1m_vbf/cr_1m_vbf_data_mc_detajj_2017.pdf  used on input line 274.
(pdftex.def)             Requested size: 212.47617pt x 212.48006pt.
<3_DataAnalysisStrategy/Figures/DataMC/merged_2023-04-08_vbfhinv_full_analysis/cr_1m_vbf/cr_1m_vbf_data_mc_muon_pt_2017.pdf, id=6787, 505.89pt x 505.89pt>
File: 3_DataAnalysisStrategy/Figures/DataMC/merged_2023-04-08_vbfhinv_full_analysis/cr_1m_vbf/cr_1m_vbf_data_mc_muon_pt_2017.pdf Graphic file (type pdf)
<use 3_DataAnalysisStrategy/Figures/DataMC/merged_2023-04-08_vbfhinv_full_analysis/cr_1m_vbf/cr_1m_vbf_data_mc_muon_pt_2017.pdf>
Package pdftex.def Info: 3_DataAnalysisStrategy/Figures/DataMC/merged_2023-04-08_vbfhinv_full_analysis/cr_1m_vbf/cr_1m_vbf_data_mc_muon_pt_2017.pdf  used on input line 275.
(pdftex.def)             Requested size: 212.47617pt x 212.48006pt.
<3_DataAnalysisStrategy/Figures/DataMC/merged_2023-04-08_vbfhinv_full_analysis/cr_1m_vbf/cr_1m_vbf_data_mc_muon_eta_2017.pdf, id=6788, 505.89pt x 505.89pt>
File: 3_DataAnalysisStrategy/Figures/DataMC/merged_2023-04-08_vbfhinv_full_analysis/cr_1m_vbf/cr_1m_vbf_data_mc_muon_eta_2017.pdf Graphic file (type pdf)
<use 3_DataAnalysisStrategy/Figures/DataMC/merged_2023-04-08_vbfhinv_full_analysis/cr_1m_vbf/cr_1m_vbf_data_mc_muon_eta_2017.pdf>
Package pdftex.def Info: 3_DataAnalysisStrategy/Figures/DataMC/merged_2023-04-08_vbfhinv_full_analysis/cr_1m_vbf/cr_1m_vbf_data_mc_muon_eta_2017.pdf  used on input line 276.
(pdftex.def)             Requested size: 212.47617pt x 212.48006pt.
<3_DataAnalysisStrategy/Figures/DataMC/merged_2023-04-08_vbfhinv_full_analysis/cr_1m_vbf/cr_1m_vbf_data_mc_mjj_2018.pdf, id=6789, 505.89pt x 505.89pt>
File: 3_DataAnalysisStrategy/Figures/DataMC/merged_2023-04-08_vbfhinv_full_analysis/cr_1m_vbf/cr_1m_vbf_data_mc_mjj_2018.pdf Graphic file (type pdf)
<use 3_DataAnalysisStrategy/Figures/DataMC/merged_2023-04-08_vbfhinv_full_analysis/cr_1m_vbf/cr_1m_vbf_data_mc_mjj_2018.pdf>
Package pdftex.def Info: 3_DataAnalysisStrategy/Figures/DataMC/merged_2023-04-08_vbfhinv_full_analysis/cr_1m_vbf/cr_1m_vbf_data_mc_mjj_2018.pdf  used on input line 286.
(pdftex.def)             Requested size: 212.47617pt x 212.48006pt.
<3_DataAnalysisStrategy/Figures/DataMC/merged_2023-04-08_vbfhinv_full_analysis/cr_1m_vbf/cr_1m_vbf_data_mc_detajj_2018.pdf, id=6790, 505.89pt x 505.89pt>
File: 3_DataAnalysisStrategy/Figures/DataMC/merged_2023-04-08_vbfhinv_full_analysis/cr_1m_vbf/cr_1m_vbf_data_mc_detajj_2018.pdf Graphic file (type pdf)
<use 3_DataAnalysisStrategy/Figures/DataMC/merged_2023-04-08_vbfhinv_full_analysis/cr_1m_vbf/cr_1m_vbf_data_mc_detajj_2018.pdf>
Package pdftex.def Info: 3_DataAnalysisStrategy/Figures/DataMC/merged_2023-04-08_vbfhinv_full_analysis/cr_1m_vbf/cr_1m_vbf_data_mc_detajj_2018.pdf  used on input line 287.
(pdftex.def)             Requested size: 212.47617pt x 212.48006pt.
<3_DataAnalysisStrategy/Figures/DataMC/merged_2023-04-08_vbfhinv_full_analysis/cr_1m_vbf/cr_1m_vbf_data_mc_muon_pt_2018.pdf, id=6791, 505.89pt x 505.89pt>
File: 3_DataAnalysisStrategy/Figures/DataMC/merged_2023-04-08_vbfhinv_full_analysis/cr_1m_vbf/cr_1m_vbf_data_mc_muon_pt_2018.pdf Graphic file (type pdf)
<use 3_DataAnalysisStrategy/Figures/DataMC/merged_2023-04-08_vbfhinv_full_analysis/cr_1m_vbf/cr_1m_vbf_data_mc_muon_pt_2018.pdf>
Package pdftex.def Info: 3_DataAnalysisStrategy/Figures/DataMC/merged_2023-04-08_vbfhinv_full_analysis/cr_1m_vbf/cr_1m_vbf_data_mc_muon_pt_2018.pdf  used on input line 288.
(pdftex.def)             Requested size: 212.47617pt x 212.48006pt.
<3_DataAnalysisStrategy/Figures/DataMC/merged_2023-04-08_vbfhinv_full_analysis/cr_1m_vbf/cr_1m_vbf_data_mc_muon_eta_2018.pdf, id=6792, 505.89pt x 505.89pt>
File: 3_DataAnalysisStrategy/Figures/DataMC/merged_2023-04-08_vbfhinv_full_analysis/cr_1m_vbf/cr_1m_vbf_data_mc_muon_eta_2018.pdf Graphic file (type pdf)
<use 3_DataAnalysisStrategy/Figures/DataMC/merged_2023-04-08_vbfhinv_full_analysis/cr_1m_vbf/cr_1m_vbf_data_mc_muon_eta_2018.pdf>
Package pdftex.def Info: 3_DataAnalysisStrategy/Figures/DataMC/merged_2023-04-08_vbfhinv_full_analysis/cr_1m_vbf/cr_1m_vbf_data_mc_muon_eta_2018.pdf  used on input line 289.
(pdftex.def)             Requested size: 212.47617pt x 212.48006pt.
 [122

] [123 <./3_DataAnalysisStrategy/Figures/DataMC/merged_2023-04-08_vbfhinv_full_analysis/cr_1m_vbf/cr_1m_vbf_data_mc_mjj_2017.pdf> <./3_DataAnalysisStrategy/Figures/DataMC/merged_2023-04-08_vbfhinv_full_analysis/cr_1m_vbf/cr_1m_vbf_data_mc_detajj_2017.pdf

pdfTeX warning: pdflatex (file ./3_DataAnalysisStrategy/Figures/DataMC/merged_2023-04-08_vbfhinv_full_analysis/cr_1m_vbf/cr_1m_vbf_data_mc_detajj_2017.pdf): PDF inclusion: multiple pdfs with page group included in a single page
> <./3_DataAnalysisStrategy/Figures/DataMC/merged_2023-04-08_vbfhinv_full_analysis/cr_1m_vbf/cr_1m_vbf_data_mc_muon_pt_2017.pdf

pdfTeX warning: pdflatex (file ./3_DataAnalysisStrategy/Figures/DataMC/merged_2023-04-08_vbfhinv_full_analysis/cr_1m_vbf/cr_1m_vbf_data_mc_muon_pt_2017.pdf): PDF inclusion: multiple pdfs with page group included in a single page
> <./3_DataAnalysisStrategy/Figures/DataMC/merged_2023-04-08_vbfhinv_full_analysis/cr_1m_vbf/cr_1m_vbf_data_mc_muon_eta_2017.pdf

pdfTeX warning: pdflatex (file ./3_DataAnalysisStrategy/Figures/DataMC/merged_2023-04-08_vbfhinv_full_analysis/cr_1m_vbf/cr_1m_vbf_data_mc_muon_eta_2017.pdf): PDF inclusion: multiple pdfs with page group included in a single page
>] [124 <./3_DataAnalysisStrategy/Figures/DataMC/merged_2023-04-08_vbfhinv_full_analysis/cr_1m_vbf/cr_1m_vbf_data_mc_mjj_2018.pdf> <./3_DataAnalysisStrategy/Figures/DataMC/merged_2023-04-08_vbfhinv_full_analysis/cr_1m_vbf/cr_1m_vbf_data_mc_detajj_2018.pdf

pdfTeX warning: pdflatex (file ./3_DataAnalysisStrategy/Figures/DataMC/merged_2023-04-08_vbfhinv_full_analysis/cr_1m_vbf/cr_1m_vbf_data_mc_detajj_2018.pdf): PDF inclusion: multiple pdfs with page group included in a single page
> <./3_DataAnalysisStrategy/Figures/DataMC/merged_2023-04-08_vbfhinv_full_analysis/cr_1m_vbf/cr_1m_vbf_data_mc_muon_pt_2018.pdf

pdfTeX warning: pdflatex (file ./3_DataAnalysisStrategy/Figures/DataMC/merged_2023-04-08_vbfhinv_full_analysis/cr_1m_vbf/cr_1m_vbf_data_mc_muon_pt_2018.pdf): PDF inclusion: multiple pdfs with page group included in a single page
> <./3_DataAnalysisStrategy/Figures/DataMC/merged_2023-04-08_vbfhinv_full_analysis/cr_1m_vbf/cr_1m_vbf_data_mc_muon_eta_2018.pdf

pdfTeX warning: pdflatex (file ./3_DataAnalysisStrategy/Figures/DataMC/merged_2023-04-08_vbfhinv_full_analysis/cr_1m_vbf/cr_1m_vbf_data_mc_muon_eta_2018.pdf): PDF inclusion: multiple pdfs with page group included in a single page
>]
<3_DataAnalysisStrategy/Figures/DataMC/merged_2023-04-08_vbfhinv_full_analysis/cr_1e_vbf/cr_1e_vbf_data_mc_mjj_2017.pdf, id=7377, 505.89pt x 505.89pt>
File: 3_DataAnalysisStrategy/Figures/DataMC/merged_2023-04-08_vbfhinv_full_analysis/cr_1e_vbf/cr_1e_vbf_data_mc_mjj_2017.pdf Graphic file (type pdf)
<use 3_DataAnalysisStrategy/Figures/DataMC/merged_2023-04-08_vbfhinv_full_analysis/cr_1e_vbf/cr_1e_vbf_data_mc_mjj_2017.pdf>
Package pdftex.def Info: 3_DataAnalysisStrategy/Figures/DataMC/merged_2023-04-08_vbfhinv_full_analysis/cr_1e_vbf/cr_1e_vbf_data_mc_mjj_2017.pdf  used on input line 313.
(pdftex.def)             Requested size: 212.47617pt x 212.48006pt.
<3_DataAnalysisStrategy/Figures/DataMC/merged_2023-04-08_vbfhinv_full_analysis/cr_1e_vbf/cr_1e_vbf_data_mc_detajj_2017.pdf, id=7378, 505.89pt x 505.89pt>
File: 3_DataAnalysisStrategy/Figures/DataMC/merged_2023-04-08_vbfhinv_full_analysis/cr_1e_vbf/cr_1e_vbf_data_mc_detajj_2017.pdf Graphic file (type pdf)
<use 3_DataAnalysisStrategy/Figures/DataMC/merged_2023-04-08_vbfhinv_full_analysis/cr_1e_vbf/cr_1e_vbf_data_mc_detajj_2017.pdf>
Package pdftex.def Info: 3_DataAnalysisStrategy/Figures/DataMC/merged_2023-04-08_vbfhinv_full_analysis/cr_1e_vbf/cr_1e_vbf_data_mc_detajj_2017.pdf  used on input line 314.
(pdftex.def)             Requested size: 212.47617pt x 212.48006pt.
<3_DataAnalysisStrategy/Figures/DataMC/merged_2023-04-08_vbfhinv_full_analysis/cr_1e_vbf/cr_1e_vbf_data_mc_electron_pt_2017.pdf, id=7379, 505.89pt x 505.89pt>
File: 3_DataAnalysisStrategy/Figures/DataMC/merged_2023-04-08_vbfhinv_full_analysis/cr_1e_vbf/cr_1e_vbf_data_mc_electron_pt_2017.pdf Graphic file (type pdf)
<use 3_DataAnalysisStrategy/Figures/DataMC/merged_2023-04-08_vbfhinv_full_analysis/cr_1e_vbf/cr_1e_vbf_data_mc_electron_pt_2017.pdf>
Package pdftex.def Info: 3_DataAnalysisStrategy/Figures/DataMC/merged_2023-04-08_vbfhinv_full_analysis/cr_1e_vbf/cr_1e_vbf_data_mc_electron_pt_2017.pdf  used on input line 315.
(pdftex.def)             Requested size: 212.47617pt x 212.48006pt.
<3_DataAnalysisStrategy/Figures/DataMC/merged_2023-04-08_vbfhinv_full_analysis/cr_1e_vbf/cr_1e_vbf_data_mc_electron_eta_2017.pdf, id=7380, 505.89pt x 505.89pt>
File: 3_DataAnalysisStrategy/Figures/DataMC/merged_2023-04-08_vbfhinv_full_analysis/cr_1e_vbf/cr_1e_vbf_data_mc_electron_eta_2017.pdf Graphic file (type pdf)
<use 3_DataAnalysisStrategy/Figures/DataMC/merged_2023-04-08_vbfhinv_full_analysis/cr_1e_vbf/cr_1e_vbf_data_mc_electron_eta_2017.pdf>
Package pdftex.def Info: 3_DataAnalysisStrategy/Figures/DataMC/merged_2023-04-08_vbfhinv_full_analysis/cr_1e_vbf/cr_1e_vbf_data_mc_electron_eta_2017.pdf  used on input line 316.
(pdftex.def)             Requested size: 212.47617pt x 212.48006pt.
<3_DataAnalysisStrategy/Figures/DataMC/merged_2023-04-08_vbfhinv_full_analysis/cr_1e_vbf/cr_1e_vbf_data_mc_mjj_2018.pdf, id=7381, 505.89pt x 505.89pt>
File: 3_DataAnalysisStrategy/Figures/DataMC/merged_2023-04-08_vbfhinv_full_analysis/cr_1e_vbf/cr_1e_vbf_data_mc_mjj_2018.pdf Graphic file (type pdf)
<use 3_DataAnalysisStrategy/Figures/DataMC/merged_2023-04-08_vbfhinv_full_analysis/cr_1e_vbf/cr_1e_vbf_data_mc_mjj_2018.pdf>
Package pdftex.def Info: 3_DataAnalysisStrategy/Figures/DataMC/merged_2023-04-08_vbfhinv_full_analysis/cr_1e_vbf/cr_1e_vbf_data_mc_mjj_2018.pdf  used on input line 326.
(pdftex.def)             Requested size: 212.47617pt x 212.48006pt.
<3_DataAnalysisStrategy/Figures/DataMC/merged_2023-04-08_vbfhinv_full_analysis/cr_1e_vbf/cr_1e_vbf_data_mc_detajj_2018.pdf, id=7382, 505.89pt x 505.89pt>
File: 3_DataAnalysisStrategy/Figures/DataMC/merged_2023-04-08_vbfhinv_full_analysis/cr_1e_vbf/cr_1e_vbf_data_mc_detajj_2018.pdf Graphic file (type pdf)
<use 3_DataAnalysisStrategy/Figures/DataMC/merged_2023-04-08_vbfhinv_full_analysis/cr_1e_vbf/cr_1e_vbf_data_mc_detajj_2018.pdf>
Package pdftex.def Info: 3_DataAnalysisStrategy/Figures/DataMC/merged_2023-04-08_vbfhinv_full_analysis/cr_1e_vbf/cr_1e_vbf_data_mc_detajj_2018.pdf  used on input line 327.
(pdftex.def)             Requested size: 212.47617pt x 212.48006pt.
<3_DataAnalysisStrategy/Figures/DataMC/merged_2023-04-08_vbfhinv_full_analysis/cr_1e_vbf/cr_1e_vbf_data_mc_electron_pt_2018.pdf, id=7383, 505.89pt x 505.89pt>
File: 3_DataAnalysisStrategy/Figures/DataMC/merged_2023-04-08_vbfhinv_full_analysis/cr_1e_vbf/cr_1e_vbf_data_mc_electron_pt_2018.pdf Graphic file (type pdf)
<use 3_DataAnalysisStrategy/Figures/DataMC/merged_2023-04-08_vbfhinv_full_analysis/cr_1e_vbf/cr_1e_vbf_data_mc_electron_pt_2018.pdf>
Package pdftex.def Info: 3_DataAnalysisStrategy/Figures/DataMC/merged_2023-04-08_vbfhinv_full_analysis/cr_1e_vbf/cr_1e_vbf_data_mc_electron_pt_2018.pdf  used on input line 328.
(pdftex.def)             Requested size: 212.47617pt x 212.48006pt.
<3_DataAnalysisStrategy/Figures/DataMC/merged_2023-04-08_vbfhinv_full_analysis/cr_1e_vbf/cr_1e_vbf_data_mc_electron_eta_2018.pdf, id=7384, 505.89pt x 505.89pt>
File: 3_DataAnalysisStrategy/Figures/DataMC/merged_2023-04-08_vbfhinv_full_analysis/cr_1e_vbf/cr_1e_vbf_data_mc_electron_eta_2018.pdf Graphic file (type pdf)
<use 3_DataAnalysisStrategy/Figures/DataMC/merged_2023-04-08_vbfhinv_full_analysis/cr_1e_vbf/cr_1e_vbf_data_mc_electron_eta_2018.pdf>
Package pdftex.def Info: 3_DataAnalysisStrategy/Figures/DataMC/merged_2023-04-08_vbfhinv_full_analysis/cr_1e_vbf/cr_1e_vbf_data_mc_electron_eta_2018.pdf  used on input line 329.
(pdftex.def)             Requested size: 212.47617pt x 212.48006pt.
 [125

] [126 <./3_DataAnalysisStrategy/Figures/DataMC/merged_2023-04-08_vbfhinv_full_analysis/cr_1e_vbf/cr_1e_vbf_data_mc_mjj_2017.pdf> <./3_DataAnalysisStrategy/Figures/DataMC/merged_2023-04-08_vbfhinv_full_analysis/cr_1e_vbf/cr_1e_vbf_data_mc_detajj_2017.pdf

pdfTeX warning: pdflatex (file ./3_DataAnalysisStrategy/Figures/DataMC/merged_2023-04-08_vbfhinv_full_analysis/cr_1e_vbf/cr_1e_vbf_data_mc_detajj_2017.pdf): PDF inclusion: multiple pdfs with page group included in a single page
> <./3_DataAnalysisStrategy/Figures/DataMC/merged_2023-04-08_vbfhinv_full_analysis/cr_1e_vbf/cr_1e_vbf_data_mc_electron_pt_2017.pdf

pdfTeX warning: pdflatex (file ./3_DataAnalysisStrategy/Figures/DataMC/merged_2023-04-08_vbfhinv_full_analysis/cr_1e_vbf/cr_1e_vbf_data_mc_electron_pt_2017.pdf): PDF inclusion: multiple pdfs with page group included in a single page
> <./3_DataAnalysisStrategy/Figures/DataMC/merged_2023-04-08_vbfhinv_full_analysis/cr_1e_vbf/cr_1e_vbf_data_mc_electron_eta_2017.pdf

pdfTeX warning: pdflatex (file ./3_DataAnalysisStrategy/Figures/DataMC/merged_2023-04-08_vbfhinv_full_analysis/cr_1e_vbf/cr_1e_vbf_data_mc_electron_eta_2017.pdf): PDF inclusion: multiple pdfs with page group included in a single page
>] [127 <./3_DataAnalysisStrategy/Figures/DataMC/merged_2023-04-08_vbfhinv_full_analysis/cr_1e_vbf/cr_1e_vbf_data_mc_mjj_2018.pdf> <./3_DataAnalysisStrategy/Figures/DataMC/merged_2023-04-08_vbfhinv_full_analysis/cr_1e_vbf/cr_1e_vbf_data_mc_detajj_2018.pdf

pdfTeX warning: pdflatex (file ./3_DataAnalysisStrategy/Figures/DataMC/merged_2023-04-08_vbfhinv_full_analysis/cr_1e_vbf/cr_1e_vbf_data_mc_detajj_2018.pdf): PDF inclusion: multiple pdfs with page group included in a single page
> <./3_DataAnalysisStrategy/Figures/DataMC/merged_2023-04-08_vbfhinv_full_analysis/cr_1e_vbf/cr_1e_vbf_data_mc_electron_pt_2018.pdf

pdfTeX warning: pdflatex (file ./3_DataAnalysisStrategy/Figures/DataMC/merged_2023-04-08_vbfhinv_full_analysis/cr_1e_vbf/cr_1e_vbf_data_mc_electron_pt_2018.pdf): PDF inclusion: multiple pdfs with page group included in a single page
> <./3_DataAnalysisStrategy/Figures/DataMC/merged_2023-04-08_vbfhinv_full_analysis/cr_1e_vbf/cr_1e_vbf_data_mc_electron_eta_2018.pdf

pdfTeX warning: pdflatex (file ./3_DataAnalysisStrategy/Figures/DataMC/merged_2023-04-08_vbfhinv_full_analysis/cr_1e_vbf/cr_1e_vbf_data_mc_electron_eta_2018.pdf): PDF inclusion: multiple pdfs with page group included in a single page
>]
<3_DataAnalysisStrategy/Figures/DataMC/merged_2023-04-08_vbfhinv_full_analysis/cr_2m_vbf/cr_2m_vbf_data_mc_recoil_2017.pdf, id=7970, 505.89pt x 505.89pt>
File: 3_DataAnalysisStrategy/Figures/DataMC/merged_2023-04-08_vbfhinv_full_analysis/cr_2m_vbf/cr_2m_vbf_data_mc_recoil_2017.pdf Graphic file (type pdf)
<use 3_DataAnalysisStrategy/Figures/DataMC/merged_2023-04-08_vbfhinv_full_analysis/cr_2m_vbf/cr_2m_vbf_data_mc_recoil_2017.pdf>
Package pdftex.def Info: 3_DataAnalysisStrategy/Figures/DataMC/merged_2023-04-08_vbfhinv_full_analysis/cr_2m_vbf/cr_2m_vbf_data_mc_recoil_2017.pdf  used on input line 360.
(pdftex.def)             Requested size: 212.47617pt x 212.48006pt.
<3_DataAnalysisStrategy/Figures/DataMC/merged_2023-04-08_vbfhinv_full_analysis/cr_2m_vbf/cr_2m_vbf_data_mc_mjj_2017.pdf, id=7971, 505.89pt x 505.89pt>
File: 3_DataAnalysisStrategy/Figures/DataMC/merged_2023-04-08_vbfhinv_full_analysis/cr_2m_vbf/cr_2m_vbf_data_mc_mjj_2017.pdf Graphic file (type pdf)
<use 3_DataAnalysisStrategy/Figures/DataMC/merged_2023-04-08_vbfhinv_full_analysis/cr_2m_vbf/cr_2m_vbf_data_mc_mjj_2017.pdf>
Package pdftex.def Info: 3_DataAnalysisStrategy/Figures/DataMC/merged_2023-04-08_vbfhinv_full_analysis/cr_2m_vbf/cr_2m_vbf_data_mc_mjj_2017.pdf  used on input line 361.
(pdftex.def)             Requested size: 212.47617pt x 212.48006pt.
<3_DataAnalysisStrategy/Figures/DataMC/merged_2023-04-08_vbfhinv_full_analysis/cr_2m_vbf/cr_2m_vbf_data_mc_detajj_2017.pdf, id=7972, 505.89pt x 505.89pt>
File: 3_DataAnalysisStrategy/Figures/DataMC/merged_2023-04-08_vbfhinv_full_analysis/cr_2m_vbf/cr_2m_vbf_data_mc_detajj_2017.pdf Graphic file (type pdf)
<use 3_DataAnalysisStrategy/Figures/DataMC/merged_2023-04-08_vbfhinv_full_analysis/cr_2m_vbf/cr_2m_vbf_data_mc_detajj_2017.pdf>
Package pdftex.def Info: 3_DataAnalysisStrategy/Figures/DataMC/merged_2023-04-08_vbfhinv_full_analysis/cr_2m_vbf/cr_2m_vbf_data_mc_detajj_2017.pdf  used on input line 362.
(pdftex.def)             Requested size: 212.47617pt x 212.48006pt.
<3_DataAnalysisStrategy/Figures/DataMC/merged_2023-04-08_vbfhinv_full_analysis/cr_2m_vbf/cr_2m_vbf_data_mc_dphijj_2017.pdf, id=7973, 505.89pt x 505.89pt>
File: 3_DataAnalysisStrategy/Figures/DataMC/merged_2023-04-08_vbfhinv_full_analysis/cr_2m_vbf/cr_2m_vbf_data_mc_dphijj_2017.pdf Graphic file (type pdf)
<use 3_DataAnalysisStrategy/Figures/DataMC/merged_2023-04-08_vbfhinv_full_analysis/cr_2m_vbf/cr_2m_vbf_data_mc_dphijj_2017.pdf>
Package pdftex.def Info: 3_DataAnalysisStrategy/Figures/DataMC/merged_2023-04-08_vbfhinv_full_analysis/cr_2m_vbf/cr_2m_vbf_data_mc_dphijj_2017.pdf  used on input line 363.
(pdftex.def)             Requested size: 212.47617pt x 212.48006pt.
<3_DataAnalysisStrategy/Figures/DataMC/merged_2023-04-08_vbfhinv_full_analysis/cr_2m_vbf/cr_2m_vbf_data_mc_muon_pt0_2017.pdf, id=7974, 505.89pt x 505.89pt>
File: 3_DataAnalysisStrategy/Figures/DataMC/merged_2023-04-08_vbfhinv_full_analysis/cr_2m_vbf/cr_2m_vbf_data_mc_muon_pt0_2017.pdf Graphic file (type pdf)
<use 3_DataAnalysisStrategy/Figures/DataMC/merged_2023-04-08_vbfhinv_full_analysis/cr_2m_vbf/cr_2m_vbf_data_mc_muon_pt0_2017.pdf>
Package pdftex.def Info: 3_DataAnalysisStrategy/Figures/DataMC/merged_2023-04-08_vbfhinv_full_analysis/cr_2m_vbf/cr_2m_vbf_data_mc_muon_pt0_2017.pdf  used on input line 372.
(pdftex.def)             Requested size: 212.47617pt x 212.48006pt.
<3_DataAnalysisStrategy/Figures/DataMC/merged_2023-04-08_vbfhinv_full_analysis/cr_2m_vbf/cr_2m_vbf_data_mc_muon_eta0_2017.pdf, id=7975, 505.89pt x 505.89pt>
File: 3_DataAnalysisStrategy/Figures/DataMC/merged_2023-04-08_vbfhinv_full_analysis/cr_2m_vbf/cr_2m_vbf_data_mc_muon_eta0_2017.pdf Graphic file (type pdf)
<use 3_DataAnalysisStrategy/Figures/DataMC/merged_2023-04-08_vbfhinv_full_analysis/cr_2m_vbf/cr_2m_vbf_data_mc_muon_eta0_2017.pdf>
Package pdftex.def Info: 3_DataAnalysisStrategy/Figures/DataMC/merged_2023-04-08_vbfhinv_full_analysis/cr_2m_vbf/cr_2m_vbf_data_mc_muon_eta0_2017.pdf  used on input line 373.
(pdftex.def)             Requested size: 212.47617pt x 212.48006pt.
<3_DataAnalysisStrategy/Figures/DataMC/merged_2023-04-08_vbfhinv_full_analysis/cr_2m_vbf/cr_2m_vbf_data_mc_dimuon_mass_2017.pdf, id=7976, 505.89pt x 505.89pt>
File: 3_DataAnalysisStrategy/Figures/DataMC/merged_2023-04-08_vbfhinv_full_analysis/cr_2m_vbf/cr_2m_vbf_data_mc_dimuon_mass_2017.pdf Graphic file (type pdf)
<use 3_DataAnalysisStrategy/Figures/DataMC/merged_2023-04-08_vbfhinv_full_analysis/cr_2m_vbf/cr_2m_vbf_data_mc_dimuon_mass_2017.pdf>
Package pdftex.def Info: 3_DataAnalysisStrategy/Figures/DataMC/merged_2023-04-08_vbfhinv_full_analysis/cr_2m_vbf/cr_2m_vbf_data_mc_dimuon_mass_2017.pdf  used on input line 374.
(pdftex.def)             Requested size: 212.47617pt x 212.48006pt.
<3_DataAnalysisStrategy/Figures/DataMC/merged_2023-04-08_vbfhinv_full_analysis/cr_2m_vbf/cr_2m_vbf_data_mc_dphijr_2017.pdf, id=7977, 505.89pt x 505.89pt>
File: 3_DataAnalysisStrategy/Figures/DataMC/merged_2023-04-08_vbfhinv_full_analysis/cr_2m_vbf/cr_2m_vbf_data_mc_dphijr_2017.pdf Graphic file (type pdf)
<use 3_DataAnalysisStrategy/Figures/DataMC/merged_2023-04-08_vbfhinv_full_analysis/cr_2m_vbf/cr_2m_vbf_data_mc_dphijr_2017.pdf>
Package pdftex.def Info: 3_DataAnalysisStrategy/Figures/DataMC/merged_2023-04-08_vbfhinv_full_analysis/cr_2m_vbf/cr_2m_vbf_data_mc_dphijr_2017.pdf  used on input line 375.
(pdftex.def)             Requested size: 212.47617pt x 212.48006pt.
<3_DataAnalysisStrategy/Figures/DataMC/merged_2023-04-08_vbfhinv_full_analysis/cr_2m_vbf/cr_2m_vbf_data_mc_recoil_2018.pdf, id=7978, 505.89pt x 505.89pt>
File: 3_DataAnalysisStrategy/Figures/DataMC/merged_2023-04-08_vbfhinv_full_analysis/cr_2m_vbf/cr_2m_vbf_data_mc_recoil_2018.pdf Graphic file (type pdf)
<use 3_DataAnalysisStrategy/Figures/DataMC/merged_2023-04-08_vbfhinv_full_analysis/cr_2m_vbf/cr_2m_vbf_data_mc_recoil_2018.pdf>
Package pdftex.def Info: 3_DataAnalysisStrategy/Figures/DataMC/merged_2023-04-08_vbfhinv_full_analysis/cr_2m_vbf/cr_2m_vbf_data_mc_recoil_2018.pdf  used on input line 384.
(pdftex.def)             Requested size: 212.47617pt x 212.48006pt.
<3_DataAnalysisStrategy/Figures/DataMC/merged_2023-04-08_vbfhinv_full_analysis/cr_2m_vbf/cr_2m_vbf_data_mc_mjj_2018.pdf, id=7979, 505.89pt x 505.89pt>
File: 3_DataAnalysisStrategy/Figures/DataMC/merged_2023-04-08_vbfhinv_full_analysis/cr_2m_vbf/cr_2m_vbf_data_mc_mjj_2018.pdf Graphic file (type pdf)
<use 3_DataAnalysisStrategy/Figures/DataMC/merged_2023-04-08_vbfhinv_full_analysis/cr_2m_vbf/cr_2m_vbf_data_mc_mjj_2018.pdf>
Package pdftex.def Info: 3_DataAnalysisStrategy/Figures/DataMC/merged_2023-04-08_vbfhinv_full_analysis/cr_2m_vbf/cr_2m_vbf_data_mc_mjj_2018.pdf  used on input line 385.
(pdftex.def)             Requested size: 212.47617pt x 212.48006pt.
<3_DataAnalysisStrategy/Figures/DataMC/merged_2023-04-08_vbfhinv_full_analysis/cr_2m_vbf/cr_2m_vbf_data_mc_detajj_2018.pdf, id=7980, 505.89pt x 505.89pt>
File: 3_DataAnalysisStrategy/Figures/DataMC/merged_2023-04-08_vbfhinv_full_analysis/cr_2m_vbf/cr_2m_vbf_data_mc_detajj_2018.pdf Graphic file (type pdf)
<use 3_DataAnalysisStrategy/Figures/DataMC/merged_2023-04-08_vbfhinv_full_analysis/cr_2m_vbf/cr_2m_vbf_data_mc_detajj_2018.pdf>
Package pdftex.def Info: 3_DataAnalysisStrategy/Figures/DataMC/merged_2023-04-08_vbfhinv_full_analysis/cr_2m_vbf/cr_2m_vbf_data_mc_detajj_2018.pdf  used on input line 386.
(pdftex.def)             Requested size: 212.47617pt x 212.48006pt.
<3_DataAnalysisStrategy/Figures/DataMC/merged_2023-04-08_vbfhinv_full_analysis/cr_2m_vbf/cr_2m_vbf_data_mc_dphijj_2018.pdf, id=7981, 505.89pt x 505.89pt>
File: 3_DataAnalysisStrategy/Figures/DataMC/merged_2023-04-08_vbfhinv_full_analysis/cr_2m_vbf/cr_2m_vbf_data_mc_dphijj_2018.pdf Graphic file (type pdf)
<use 3_DataAnalysisStrategy/Figures/DataMC/merged_2023-04-08_vbfhinv_full_analysis/cr_2m_vbf/cr_2m_vbf_data_mc_dphijj_2018.pdf>
Package pdftex.def Info: 3_DataAnalysisStrategy/Figures/DataMC/merged_2023-04-08_vbfhinv_full_analysis/cr_2m_vbf/cr_2m_vbf_data_mc_dphijj_2018.pdf  used on input line 387.
(pdftex.def)             Requested size: 212.47617pt x 212.48006pt.
<3_DataAnalysisStrategy/Figures/DataMC/merged_2023-04-08_vbfhinv_full_analysis/cr_2m_vbf/cr_2m_vbf_data_mc_muon_pt0_2018.pdf, id=7982, 505.89pt x 505.89pt>
File: 3_DataAnalysisStrategy/Figures/DataMC/merged_2023-04-08_vbfhinv_full_analysis/cr_2m_vbf/cr_2m_vbf_data_mc_muon_pt0_2018.pdf Graphic file (type pdf)
<use 3_DataAnalysisStrategy/Figures/DataMC/merged_2023-04-08_vbfhinv_full_analysis/cr_2m_vbf/cr_2m_vbf_data_mc_muon_pt0_2018.pdf>
Package pdftex.def Info: 3_DataAnalysisStrategy/Figures/DataMC/merged_2023-04-08_vbfhinv_full_analysis/cr_2m_vbf/cr_2m_vbf_data_mc_muon_pt0_2018.pdf  used on input line 396.
(pdftex.def)             Requested size: 212.47617pt x 212.48006pt.
<3_DataAnalysisStrategy/Figures/DataMC/merged_2023-04-08_vbfhinv_full_analysis/cr_2m_vbf/cr_2m_vbf_data_mc_muon_eta0_2018.pdf, id=7983, 505.89pt x 505.89pt>
File: 3_DataAnalysisStrategy/Figures/DataMC/merged_2023-04-08_vbfhinv_full_analysis/cr_2m_vbf/cr_2m_vbf_data_mc_muon_eta0_2018.pdf Graphic file (type pdf)
<use 3_DataAnalysisStrategy/Figures/DataMC/merged_2023-04-08_vbfhinv_full_analysis/cr_2m_vbf/cr_2m_vbf_data_mc_muon_eta0_2018.pdf>
Package pdftex.def Info: 3_DataAnalysisStrategy/Figures/DataMC/merged_2023-04-08_vbfhinv_full_analysis/cr_2m_vbf/cr_2m_vbf_data_mc_muon_eta0_2018.pdf  used on input line 397.
(pdftex.def)             Requested size: 212.47617pt x 212.48006pt.
<3_DataAnalysisStrategy/Figures/DataMC/merged_2023-04-08_vbfhinv_full_analysis/cr_2m_vbf/cr_2m_vbf_data_mc_dimuon_mass_2018.pdf, id=7984, 505.89pt x 505.89pt>
File: 3_DataAnalysisStrategy/Figures/DataMC/merged_2023-04-08_vbfhinv_full_analysis/cr_2m_vbf/cr_2m_vbf_data_mc_dimuon_mass_2018.pdf Graphic file (type pdf)
<use 3_DataAnalysisStrategy/Figures/DataMC/merged_2023-04-08_vbfhinv_full_analysis/cr_2m_vbf/cr_2m_vbf_data_mc_dimuon_mass_2018.pdf>
Package pdftex.def Info: 3_DataAnalysisStrategy/Figures/DataMC/merged_2023-04-08_vbfhinv_full_analysis/cr_2m_vbf/cr_2m_vbf_data_mc_dimuon_mass_2018.pdf  used on input line 398.
(pdftex.def)             Requested size: 212.47617pt x 212.48006pt.
<3_DataAnalysisStrategy/Figures/DataMC/merged_2023-04-08_vbfhinv_full_analysis/cr_2m_vbf/cr_2m_vbf_data_mc_dphijr_2018.pdf, id=7985, 505.89pt x 505.89pt>
File: 3_DataAnalysisStrategy/Figures/DataMC/merged_2023-04-08_vbfhinv_full_analysis/cr_2m_vbf/cr_2m_vbf_data_mc_dphijr_2018.pdf Graphic file (type pdf)
<use 3_DataAnalysisStrategy/Figures/DataMC/merged_2023-04-08_vbfhinv_full_analysis/cr_2m_vbf/cr_2m_vbf_data_mc_dphijr_2018.pdf>
Package pdftex.def Info: 3_DataAnalysisStrategy/Figures/DataMC/merged_2023-04-08_vbfhinv_full_analysis/cr_2m_vbf/cr_2m_vbf_data_mc_dphijr_2018.pdf  used on input line 399.
(pdftex.def)             Requested size: 212.47617pt x 212.48006pt.
 [128

] [129 <./3_DataAnalysisStrategy/Figures/DataMC/merged_2023-04-08_vbfhinv_full_analysis/cr_2m_vbf/cr_2m_vbf_data_mc_recoil_2017.pdf> <./3_DataAnalysisStrategy/Figures/DataMC/merged_2023-04-08_vbfhinv_full_analysis/cr_2m_vbf/cr_2m_vbf_data_mc_mjj_2017.pdf

pdfTeX warning: pdflatex (file ./3_DataAnalysisStrategy/Figures/DataMC/merged_2023-04-08_vbfhinv_full_analysis/cr_2m_vbf/cr_2m_vbf_data_mc_mjj_2017.pdf): PDF inclusion: multiple pdfs with page group included in a single page
> <./3_DataAnalysisStrategy/Figures/DataMC/merged_2023-04-08_vbfhinv_full_analysis/cr_2m_vbf/cr_2m_vbf_data_mc_detajj_2017.pdf

pdfTeX warning: pdflatex (file ./3_DataAnalysisStrategy/Figures/DataMC/merged_2023-04-08_vbfhinv_full_analysis/cr_2m_vbf/cr_2m_vbf_data_mc_detajj_2017.pdf): PDF inclusion: multiple pdfs with page group included in a single page
> <./3_DataAnalysisStrategy/Figures/DataMC/merged_2023-04-08_vbfhinv_full_analysis/cr_2m_vbf/cr_2m_vbf_data_mc_dphijj_2017.pdf

pdfTeX warning: pdflatex (file ./3_DataAnalysisStrategy/Figures/DataMC/merged_2023-04-08_vbfhinv_full_analysis/cr_2m_vbf/cr_2m_vbf_data_mc_dphijj_2017.pdf): PDF inclusion: multiple pdfs with page group included in a single page
>] [130 <./3_DataAnalysisStrategy/Figures/DataMC/merged_2023-04-08_vbfhinv_full_analysis/cr_2m_vbf/cr_2m_vbf_data_mc_muon_pt0_2017.pdf> <./3_DataAnalysisStrategy/Figures/DataMC/merged_2023-04-08_vbfhinv_full_analysis/cr_2m_vbf/cr_2m_vbf_data_mc_muon_eta0_2017.pdf

pdfTeX warning: pdflatex (file ./3_DataAnalysisStrategy/Figures/DataMC/merged_2023-04-08_vbfhinv_full_analysis/cr_2m_vbf/cr_2m_vbf_data_mc_muon_eta0_2017.pdf): PDF inclusion: multiple pdfs with page group included in a single page
> <./3_DataAnalysisStrategy/Figures/DataMC/merged_2023-04-08_vbfhinv_full_analysis/cr_2m_vbf/cr_2m_vbf_data_mc_dimuon_mass_2017.pdf

pdfTeX warning: pdflatex (file ./3_DataAnalysisStrategy/Figures/DataMC/merged_2023-04-08_vbfhinv_full_analysis/cr_2m_vbf/cr_2m_vbf_data_mc_dimuon_mass_2017.pdf): PDF inclusion: multiple pdfs with page group included in a single page
> <./3_DataAnalysisStrategy/Figures/DataMC/merged_2023-04-08_vbfhinv_full_analysis/cr_2m_vbf/cr_2m_vbf_data_mc_dphijr_2017.pdf

pdfTeX warning: pdflatex (file ./3_DataAnalysisStrategy/Figures/DataMC/merged_2023-04-08_vbfhinv_full_analysis/cr_2m_vbf/cr_2m_vbf_data_mc_dphijr_2017.pdf): PDF inclusion: multiple pdfs with page group included in a single page
>] [131 <./3_DataAnalysisStrategy/Figures/DataMC/merged_2023-04-08_vbfhinv_full_analysis/cr_2m_vbf/cr_2m_vbf_data_mc_recoil_2018.pdf> <./3_DataAnalysisStrategy/Figures/DataMC/merged_2023-04-08_vbfhinv_full_analysis/cr_2m_vbf/cr_2m_vbf_data_mc_mjj_2018.pdf

pdfTeX warning: pdflatex (file ./3_DataAnalysisStrategy/Figures/DataMC/merged_2023-04-08_vbfhinv_full_analysis/cr_2m_vbf/cr_2m_vbf_data_mc_mjj_2018.pdf): PDF inclusion: multiple pdfs with page group included in a single page
> <./3_DataAnalysisStrategy/Figures/DataMC/merged_2023-04-08_vbfhinv_full_analysis/cr_2m_vbf/cr_2m_vbf_data_mc_detajj_2018.pdf

pdfTeX warning: pdflatex (file ./3_DataAnalysisStrategy/Figures/DataMC/merged_2023-04-08_vbfhinv_full_analysis/cr_2m_vbf/cr_2m_vbf_data_mc_detajj_2018.pdf): PDF inclusion: multiple pdfs with page group included in a single page
> <./3_DataAnalysisStrategy/Figures/DataMC/merged_2023-04-08_vbfhinv_full_analysis/cr_2m_vbf/cr_2m_vbf_data_mc_dphijj_2018.pdf

pdfTeX warning: pdflatex (file ./3_DataAnalysisStrategy/Figures/DataMC/merged_2023-04-08_vbfhinv_full_analysis/cr_2m_vbf/cr_2m_vbf_data_mc_dphijj_2018.pdf): PDF inclusion: multiple pdfs with page group included in a single page
>] [132 <./3_DataAnalysisStrategy/Figures/DataMC/merged_2023-04-08_vbfhinv_full_analysis/cr_2m_vbf/cr_2m_vbf_data_mc_muon_pt0_2018.pdf> <./3_DataAnalysisStrategy/Figures/DataMC/merged_2023-04-08_vbfhinv_full_analysis/cr_2m_vbf/cr_2m_vbf_data_mc_muon_eta0_2018.pdf

pdfTeX warning: pdflatex (file ./3_DataAnalysisStrategy/Figures/DataMC/merged_2023-04-08_vbfhinv_full_analysis/cr_2m_vbf/cr_2m_vbf_data_mc_muon_eta0_2018.pdf): PDF inclusion: multiple pdfs with page group included in a single page
> <./3_DataAnalysisStrategy/Figures/DataMC/merged_2023-04-08_vbfhinv_full_analysis/cr_2m_vbf/cr_2m_vbf_data_mc_dimuon_mass_2018.pdf

pdfTeX warning: pdflatex (file ./3_DataAnalysisStrategy/Figures/DataMC/merged_2023-04-08_vbfhinv_full_analysis/cr_2m_vbf/cr_2m_vbf_data_mc_dimuon_mass_2018.pdf): PDF inclusion: multiple pdfs with page group included in a single page
> <./3_DataAnalysisStrategy/Figures/DataMC/merged_2023-04-08_vbfhinv_full_analysis/cr_2m_vbf/cr_2m_vbf_data_mc_dphijr_2018.pdf

pdfTeX warning: pdflatex (file ./3_DataAnalysisStrategy/Figures/DataMC/merged_2023-04-08_vbfhinv_full_analysis/cr_2m_vbf/cr_2m_vbf_data_mc_dphijr_2018.pdf): PDF inclusion: multiple pdfs with page group included in a single page
>]
<3_DataAnalysisStrategy/Figures/DataMC/merged_2023-04-08_vbfhinv_full_analysis/cr_2e_vbf/cr_2e_vbf_data_mc_recoil_2017.pdf, id=9148, 505.89pt x 505.89pt>
File: 3_DataAnalysisStrategy/Figures/DataMC/merged_2023-04-08_vbfhinv_full_analysis/cr_2e_vbf/cr_2e_vbf_data_mc_recoil_2017.pdf Graphic file (type pdf)
<use 3_DataAnalysisStrategy/Figures/DataMC/merged_2023-04-08_vbfhinv_full_analysis/cr_2e_vbf/cr_2e_vbf_data_mc_recoil_2017.pdf>
Package pdftex.def Info: 3_DataAnalysisStrategy/Figures/DataMC/merged_2023-04-08_vbfhinv_full_analysis/cr_2e_vbf/cr_2e_vbf_data_mc_recoil_2017.pdf  used on input line 428.
(pdftex.def)             Requested size: 212.47617pt x 212.48006pt.
<3_DataAnalysisStrategy/Figures/DataMC/merged_2023-04-08_vbfhinv_full_analysis/cr_2e_vbf/cr_2e_vbf_data_mc_mjj_2017.pdf, id=9149, 505.89pt x 505.89pt>
File: 3_DataAnalysisStrategy/Figures/DataMC/merged_2023-04-08_vbfhinv_full_analysis/cr_2e_vbf/cr_2e_vbf_data_mc_mjj_2017.pdf Graphic file (type pdf)
<use 3_DataAnalysisStrategy/Figures/DataMC/merged_2023-04-08_vbfhinv_full_analysis/cr_2e_vbf/cr_2e_vbf_data_mc_mjj_2017.pdf>
Package pdftex.def Info: 3_DataAnalysisStrategy/Figures/DataMC/merged_2023-04-08_vbfhinv_full_analysis/cr_2e_vbf/cr_2e_vbf_data_mc_mjj_2017.pdf  used on input line 429.
(pdftex.def)             Requested size: 212.47617pt x 212.48006pt.
<3_DataAnalysisStrategy/Figures/DataMC/merged_2023-04-08_vbfhinv_full_analysis/cr_2e_vbf/cr_2e_vbf_data_mc_detajj_2017.pdf, id=9150, 505.89pt x 505.89pt>
File: 3_DataAnalysisStrategy/Figures/DataMC/merged_2023-04-08_vbfhinv_full_analysis/cr_2e_vbf/cr_2e_vbf_data_mc_detajj_2017.pdf Graphic file (type pdf)
<use 3_DataAnalysisStrategy/Figures/DataMC/merged_2023-04-08_vbfhinv_full_analysis/cr_2e_vbf/cr_2e_vbf_data_mc_detajj_2017.pdf>
Package pdftex.def Info: 3_DataAnalysisStrategy/Figures/DataMC/merged_2023-04-08_vbfhinv_full_analysis/cr_2e_vbf/cr_2e_vbf_data_mc_detajj_2017.pdf  used on input line 430.
(pdftex.def)             Requested size: 212.47617pt x 212.48006pt.
<3_DataAnalysisStrategy/Figures/DataMC/merged_2023-04-08_vbfhinv_full_analysis/cr_2e_vbf/cr_2e_vbf_data_mc_dphijj_2017.pdf, id=9151, 505.89pt x 505.89pt>
File: 3_DataAnalysisStrategy/Figures/DataMC/merged_2023-04-08_vbfhinv_full_analysis/cr_2e_vbf/cr_2e_vbf_data_mc_dphijj_2017.pdf Graphic file (type pdf)
<use 3_DataAnalysisStrategy/Figures/DataMC/merged_2023-04-08_vbfhinv_full_analysis/cr_2e_vbf/cr_2e_vbf_data_mc_dphijj_2017.pdf>
Package pdftex.def Info: 3_DataAnalysisStrategy/Figures/DataMC/merged_2023-04-08_vbfhinv_full_analysis/cr_2e_vbf/cr_2e_vbf_data_mc_dphijj_2017.pdf  used on input line 431.
(pdftex.def)             Requested size: 212.47617pt x 212.48006pt.
<3_DataAnalysisStrategy/Figures/DataMC/merged_2023-04-08_vbfhinv_full_analysis/cr_2e_vbf/cr_2e_vbf_data_mc_electron_pt0_2017.pdf, id=9152, 505.89pt x 505.89pt>
File: 3_DataAnalysisStrategy/Figures/DataMC/merged_2023-04-08_vbfhinv_full_analysis/cr_2e_vbf/cr_2e_vbf_data_mc_electron_pt0_2017.pdf Graphic file (type pdf)
<use 3_DataAnalysisStrategy/Figures/DataMC/merged_2023-04-08_vbfhinv_full_analysis/cr_2e_vbf/cr_2e_vbf_data_mc_electron_pt0_2017.pdf>
Package pdftex.def Info: 3_DataAnalysisStrategy/Figures/DataMC/merged_2023-04-08_vbfhinv_full_analysis/cr_2e_vbf/cr_2e_vbf_data_mc_electron_pt0_2017.pdf  used on input line 440.
(pdftex.def)             Requested size: 212.47617pt x 212.48006pt.
<3_DataAnalysisStrategy/Figures/DataMC/merged_2023-04-08_vbfhinv_full_analysis/cr_2e_vbf/cr_2e_vbf_data_mc_electron_eta0_2017.pdf, id=9153, 505.89pt x 505.89pt>
File: 3_DataAnalysisStrategy/Figures/DataMC/merged_2023-04-08_vbfhinv_full_analysis/cr_2e_vbf/cr_2e_vbf_data_mc_electron_eta0_2017.pdf Graphic file (type pdf)
<use 3_DataAnalysisStrategy/Figures/DataMC/merged_2023-04-08_vbfhinv_full_analysis/cr_2e_vbf/cr_2e_vbf_data_mc_electron_eta0_2017.pdf>
Package pdftex.def Info: 3_DataAnalysisStrategy/Figures/DataMC/merged_2023-04-08_vbfhinv_full_analysis/cr_2e_vbf/cr_2e_vbf_data_mc_electron_eta0_2017.pdf  used on input line 441.
(pdftex.def)             Requested size: 212.47617pt x 212.48006pt.
<3_DataAnalysisStrategy/Figures/DataMC/merged_2023-04-08_vbfhinv_full_analysis/cr_2e_vbf/cr_2e_vbf_data_mc_dielectron_mass_2017.pdf, id=9154, 505.89pt x 505.89pt>
File: 3_DataAnalysisStrategy/Figures/DataMC/merged_2023-04-08_vbfhinv_full_analysis/cr_2e_vbf/cr_2e_vbf_data_mc_dielectron_mass_2017.pdf Graphic file (type pdf)
<use 3_DataAnalysisStrategy/Figures/DataMC/merged_2023-04-08_vbfhinv_full_analysis/cr_2e_vbf/cr_2e_vbf_data_mc_dielectron_mass_2017.pdf>
Package pdftex.def Info: 3_DataAnalysisStrategy/Figures/DataMC/merged_2023-04-08_vbfhinv_full_analysis/cr_2e_vbf/cr_2e_vbf_data_mc_dielectron_mass_2017.pdf  used on input line 442.
(pdftex.def)             Requested size: 212.47617pt x 212.48006pt.
<3_DataAnalysisStrategy/Figures/DataMC/merged_2023-04-08_vbfhinv_full_analysis/cr_2e_vbf/cr_2e_vbf_data_mc_dphijr_2017.pdf, id=9155, 505.89pt x 505.89pt>
File: 3_DataAnalysisStrategy/Figures/DataMC/merged_2023-04-08_vbfhinv_full_analysis/cr_2e_vbf/cr_2e_vbf_data_mc_dphijr_2017.pdf Graphic file (type pdf)
<use 3_DataAnalysisStrategy/Figures/DataMC/merged_2023-04-08_vbfhinv_full_analysis/cr_2e_vbf/cr_2e_vbf_data_mc_dphijr_2017.pdf>
Package pdftex.def Info: 3_DataAnalysisStrategy/Figures/DataMC/merged_2023-04-08_vbfhinv_full_analysis/cr_2e_vbf/cr_2e_vbf_data_mc_dphijr_2017.pdf  used on input line 443.
(pdftex.def)             Requested size: 212.47617pt x 212.48006pt.
<3_DataAnalysisStrategy/Figures/DataMC/merged_2023-04-08_vbfhinv_full_analysis/cr_2e_vbf/cr_2e_vbf_data_mc_recoil_2018.pdf, id=9156, 505.89pt x 505.89pt>
File: 3_DataAnalysisStrategy/Figures/DataMC/merged_2023-04-08_vbfhinv_full_analysis/cr_2e_vbf/cr_2e_vbf_data_mc_recoil_2018.pdf Graphic file (type pdf)
<use 3_DataAnalysisStrategy/Figures/DataMC/merged_2023-04-08_vbfhinv_full_analysis/cr_2e_vbf/cr_2e_vbf_data_mc_recoil_2018.pdf>
Package pdftex.def Info: 3_DataAnalysisStrategy/Figures/DataMC/merged_2023-04-08_vbfhinv_full_analysis/cr_2e_vbf/cr_2e_vbf_data_mc_recoil_2018.pdf  used on input line 452.
(pdftex.def)             Requested size: 212.47617pt x 212.48006pt.
<3_DataAnalysisStrategy/Figures/DataMC/merged_2023-04-08_vbfhinv_full_analysis/cr_2e_vbf/cr_2e_vbf_data_mc_mjj_2018.pdf, id=9157, 505.89pt x 505.89pt>
File: 3_DataAnalysisStrategy/Figures/DataMC/merged_2023-04-08_vbfhinv_full_analysis/cr_2e_vbf/cr_2e_vbf_data_mc_mjj_2018.pdf Graphic file (type pdf)
<use 3_DataAnalysisStrategy/Figures/DataMC/merged_2023-04-08_vbfhinv_full_analysis/cr_2e_vbf/cr_2e_vbf_data_mc_mjj_2018.pdf>
Package pdftex.def Info: 3_DataAnalysisStrategy/Figures/DataMC/merged_2023-04-08_vbfhinv_full_analysis/cr_2e_vbf/cr_2e_vbf_data_mc_mjj_2018.pdf  used on input line 453.
(pdftex.def)             Requested size: 212.47617pt x 212.48006pt.
<3_DataAnalysisStrategy/Figures/DataMC/merged_2023-04-08_vbfhinv_full_analysis/cr_2e_vbf/cr_2e_vbf_data_mc_detajj_2018.pdf, id=9158, 505.89pt x 505.89pt>
File: 3_DataAnalysisStrategy/Figures/DataMC/merged_2023-04-08_vbfhinv_full_analysis/cr_2e_vbf/cr_2e_vbf_data_mc_detajj_2018.pdf Graphic file (type pdf)
<use 3_DataAnalysisStrategy/Figures/DataMC/merged_2023-04-08_vbfhinv_full_analysis/cr_2e_vbf/cr_2e_vbf_data_mc_detajj_2018.pdf>
Package pdftex.def Info: 3_DataAnalysisStrategy/Figures/DataMC/merged_2023-04-08_vbfhinv_full_analysis/cr_2e_vbf/cr_2e_vbf_data_mc_detajj_2018.pdf  used on input line 454.
(pdftex.def)             Requested size: 212.47617pt x 212.48006pt.
<3_DataAnalysisStrategy/Figures/DataMC/merged_2023-04-08_vbfhinv_full_analysis/cr_2e_vbf/cr_2e_vbf_data_mc_dphijj_2018.pdf, id=9159, 505.89pt x 505.89pt>
File: 3_DataAnalysisStrategy/Figures/DataMC/merged_2023-04-08_vbfhinv_full_analysis/cr_2e_vbf/cr_2e_vbf_data_mc_dphijj_2018.pdf Graphic file (type pdf)
<use 3_DataAnalysisStrategy/Figures/DataMC/merged_2023-04-08_vbfhinv_full_analysis/cr_2e_vbf/cr_2e_vbf_data_mc_dphijj_2018.pdf>
Package pdftex.def Info: 3_DataAnalysisStrategy/Figures/DataMC/merged_2023-04-08_vbfhinv_full_analysis/cr_2e_vbf/cr_2e_vbf_data_mc_dphijj_2018.pdf  used on input line 455.
(pdftex.def)             Requested size: 212.47617pt x 212.48006pt.
<3_DataAnalysisStrategy/Figures/DataMC/merged_2023-04-08_vbfhinv_full_analysis/cr_2e_vbf/cr_2e_vbf_data_mc_electron_pt0_2018.pdf, id=9160, 505.89pt x 505.89pt>
File: 3_DataAnalysisStrategy/Figures/DataMC/merged_2023-04-08_vbfhinv_full_analysis/cr_2e_vbf/cr_2e_vbf_data_mc_electron_pt0_2018.pdf Graphic file (type pdf)
<use 3_DataAnalysisStrategy/Figures/DataMC/merged_2023-04-08_vbfhinv_full_analysis/cr_2e_vbf/cr_2e_vbf_data_mc_electron_pt0_2018.pdf>
Package pdftex.def Info: 3_DataAnalysisStrategy/Figures/DataMC/merged_2023-04-08_vbfhinv_full_analysis/cr_2e_vbf/cr_2e_vbf_data_mc_electron_pt0_2018.pdf  used on input line 464.
(pdftex.def)             Requested size: 212.47617pt x 212.48006pt.
<3_DataAnalysisStrategy/Figures/DataMC/merged_2023-04-08_vbfhinv_full_analysis/cr_2e_vbf/cr_2e_vbf_data_mc_electron_eta0_2018.pdf, id=9161, 505.89pt x 505.89pt>
File: 3_DataAnalysisStrategy/Figures/DataMC/merged_2023-04-08_vbfhinv_full_analysis/cr_2e_vbf/cr_2e_vbf_data_mc_electron_eta0_2018.pdf Graphic file (type pdf)
<use 3_DataAnalysisStrategy/Figures/DataMC/merged_2023-04-08_vbfhinv_full_analysis/cr_2e_vbf/cr_2e_vbf_data_mc_electron_eta0_2018.pdf>
Package pdftex.def Info: 3_DataAnalysisStrategy/Figures/DataMC/merged_2023-04-08_vbfhinv_full_analysis/cr_2e_vbf/cr_2e_vbf_data_mc_electron_eta0_2018.pdf  used on input line 465.
(pdftex.def)             Requested size: 212.47617pt x 212.48006pt.
<3_DataAnalysisStrategy/Figures/DataMC/merged_2023-04-08_vbfhinv_full_analysis/cr_2e_vbf/cr_2e_vbf_data_mc_dielectron_mass_2018.pdf, id=9162, 505.89pt x 505.89pt>
File: 3_DataAnalysisStrategy/Figures/DataMC/merged_2023-04-08_vbfhinv_full_analysis/cr_2e_vbf/cr_2e_vbf_data_mc_dielectron_mass_2018.pdf Graphic file (type pdf)
<use 3_DataAnalysisStrategy/Figures/DataMC/merged_2023-04-08_vbfhinv_full_analysis/cr_2e_vbf/cr_2e_vbf_data_mc_dielectron_mass_2018.pdf>
Package pdftex.def Info: 3_DataAnalysisStrategy/Figures/DataMC/merged_2023-04-08_vbfhinv_full_analysis/cr_2e_vbf/cr_2e_vbf_data_mc_dielectron_mass_2018.pdf  used on input line 466.
(pdftex.def)             Requested size: 212.47617pt x 212.48006pt.
<3_DataAnalysisStrategy/Figures/DataMC/merged_2023-04-08_vbfhinv_full_analysis/cr_2e_vbf/cr_2e_vbf_data_mc_dphijr_2018.pdf, id=9163, 505.89pt x 505.89pt>
File: 3_DataAnalysisStrategy/Figures/DataMC/merged_2023-04-08_vbfhinv_full_analysis/cr_2e_vbf/cr_2e_vbf_data_mc_dphijr_2018.pdf Graphic file (type pdf)
<use 3_DataAnalysisStrategy/Figures/DataMC/merged_2023-04-08_vbfhinv_full_analysis/cr_2e_vbf/cr_2e_vbf_data_mc_dphijr_2018.pdf>
Package pdftex.def Info: 3_DataAnalysisStrategy/Figures/DataMC/merged_2023-04-08_vbfhinv_full_analysis/cr_2e_vbf/cr_2e_vbf_data_mc_dphijr_2018.pdf  used on input line 467.
(pdftex.def)             Requested size: 212.47617pt x 212.48006pt.
 [133

] [134 <./3_DataAnalysisStrategy/Figures/DataMC/merged_2023-04-08_vbfhinv_full_analysis/cr_2e_vbf/cr_2e_vbf_data_mc_recoil_2017.pdf> <./3_DataAnalysisStrategy/Figures/DataMC/merged_2023-04-08_vbfhinv_full_analysis/cr_2e_vbf/cr_2e_vbf_data_mc_mjj_2017.pdf

pdfTeX warning: pdflatex (file ./3_DataAnalysisStrategy/Figures/DataMC/merged_2023-04-08_vbfhinv_full_analysis/cr_2e_vbf/cr_2e_vbf_data_mc_mjj_2017.pdf): PDF inclusion: multiple pdfs with page group included in a single page
> <./3_DataAnalysisStrategy/Figures/DataMC/merged_2023-04-08_vbfhinv_full_analysis/cr_2e_vbf/cr_2e_vbf_data_mc_detajj_2017.pdf

pdfTeX warning: pdflatex (file ./3_DataAnalysisStrategy/Figures/DataMC/merged_2023-04-08_vbfhinv_full_analysis/cr_2e_vbf/cr_2e_vbf_data_mc_detajj_2017.pdf): PDF inclusion: multiple pdfs with page group included in a single page
> <./3_DataAnalysisStrategy/Figures/DataMC/merged_2023-04-08_vbfhinv_full_analysis/cr_2e_vbf/cr_2e_vbf_data_mc_dphijj_2017.pdf

pdfTeX warning: pdflatex (file ./3_DataAnalysisStrategy/Figures/DataMC/merged_2023-04-08_vbfhinv_full_analysis/cr_2e_vbf/cr_2e_vbf_data_mc_dphijj_2017.pdf): PDF inclusion: multiple pdfs with page group included in a single page
>] [135 <./3_DataAnalysisStrategy/Figures/DataMC/merged_2023-04-08_vbfhinv_full_analysis/cr_2e_vbf/cr_2e_vbf_data_mc_electron_pt0_2017.pdf> <./3_DataAnalysisStrategy/Figures/DataMC/merged_2023-04-08_vbfhinv_full_analysis/cr_2e_vbf/cr_2e_vbf_data_mc_electron_eta0_2017.pdf

pdfTeX warning: pdflatex (file ./3_DataAnalysisStrategy/Figures/DataMC/merged_2023-04-08_vbfhinv_full_analysis/cr_2e_vbf/cr_2e_vbf_data_mc_electron_eta0_2017.pdf): PDF inclusion: multiple pdfs with page group included in a single page
> <./3_DataAnalysisStrategy/Figures/DataMC/merged_2023-04-08_vbfhinv_full_analysis/cr_2e_vbf/cr_2e_vbf_data_mc_dielectron_mass_2017.pdf

pdfTeX warning: pdflatex (file ./3_DataAnalysisStrategy/Figures/DataMC/merged_2023-04-08_vbfhinv_full_analysis/cr_2e_vbf/cr_2e_vbf_data_mc_dielectron_mass_2017.pdf): PDF inclusion: multiple pdfs with page group included in a single page
> <./3_DataAnalysisStrategy/Figures/DataMC/merged_2023-04-08_vbfhinv_full_analysis/cr_2e_vbf/cr_2e_vbf_data_mc_dphijr_2017.pdf

pdfTeX warning: pdflatex (file ./3_DataAnalysisStrategy/Figures/DataMC/merged_2023-04-08_vbfhinv_full_analysis/cr_2e_vbf/cr_2e_vbf_data_mc_dphijr_2017.pdf): PDF inclusion: multiple pdfs with page group included in a single page
>] [136 <./3_DataAnalysisStrategy/Figures/DataMC/merged_2023-04-08_vbfhinv_full_analysis/cr_2e_vbf/cr_2e_vbf_data_mc_recoil_2018.pdf> <./3_DataAnalysisStrategy/Figures/DataMC/merged_2023-04-08_vbfhinv_full_analysis/cr_2e_vbf/cr_2e_vbf_data_mc_mjj_2018.pdf

pdfTeX warning: pdflatex (file ./3_DataAnalysisStrategy/Figures/DataMC/merged_2023-04-08_vbfhinv_full_analysis/cr_2e_vbf/cr_2e_vbf_data_mc_mjj_2018.pdf): PDF inclusion: multiple pdfs with page group included in a single page
> <./3_DataAnalysisStrategy/Figures/DataMC/merged_2023-04-08_vbfhinv_full_analysis/cr_2e_vbf/cr_2e_vbf_data_mc_detajj_2018.pdf

pdfTeX warning: pdflatex (file ./3_DataAnalysisStrategy/Figures/DataMC/merged_2023-04-08_vbfhinv_full_analysis/cr_2e_vbf/cr_2e_vbf_data_mc_detajj_2018.pdf): PDF inclusion: multiple pdfs with page group included in a single page
> <./3_DataAnalysisStrategy/Figures/DataMC/merged_2023-04-08_vbfhinv_full_analysis/cr_2e_vbf/cr_2e_vbf_data_mc_dphijj_2018.pdf

pdfTeX warning: pdflatex (file ./3_DataAnalysisStrategy/Figures/DataMC/merged_2023-04-08_vbfhinv_full_analysis/cr_2e_vbf/cr_2e_vbf_data_mc_dphijj_2018.pdf): PDF inclusion: multiple pdfs with page group included in a single page
>] [137 <./3_DataAnalysisStrategy/Figures/DataMC/merged_2023-04-08_vbfhinv_full_analysis/cr_2e_vbf/cr_2e_vbf_data_mc_electron_pt0_2018.pdf> <./3_DataAnalysisStrategy/Figures/DataMC/merged_2023-04-08_vbfhinv_full_analysis/cr_2e_vbf/cr_2e_vbf_data_mc_electron_eta0_2018.pdf

pdfTeX warning: pdflatex (file ./3_DataAnalysisStrategy/Figures/DataMC/merged_2023-04-08_vbfhinv_full_analysis/cr_2e_vbf/cr_2e_vbf_data_mc_electron_eta0_2018.pdf): PDF inclusion: multiple pdfs with page group included in a single page
> <./3_DataAnalysisStrategy/Figures/DataMC/merged_2023-04-08_vbfhinv_full_analysis/cr_2e_vbf/cr_2e_vbf_data_mc_dielectron_mass_2018.pdf

pdfTeX warning: pdflatex (file ./3_DataAnalysisStrategy/Figures/DataMC/merged_2023-04-08_vbfhinv_full_analysis/cr_2e_vbf/cr_2e_vbf_data_mc_dielectron_mass_2018.pdf): PDF inclusion: multiple pdfs with page group included in a single page
> <./3_DataAnalysisStrategy/Figures/DataMC/merged_2023-04-08_vbfhinv_full_analysis/cr_2e_vbf/cr_2e_vbf_data_mc_dphijr_2018.pdf

pdfTeX warning: pdflatex (file ./3_DataAnalysisStrategy/Figures/DataMC/merged_2023-04-08_vbfhinv_full_analysis/cr_2e_vbf/cr_2e_vbf_data_mc_dphijr_2018.pdf): PDF inclusion: multiple pdfs with page group included in a single page
>]
<3_DataAnalysisStrategy/Figures/DataMC/merged_2023-04-08_vbfhinv_full_analysis/cr_g_vbf/cr_g_vbf_data_mc_recoil_2017.pdf, id=10324, 505.89pt x 505.89pt>
File: 3_DataAnalysisStrategy/Figures/DataMC/merged_2023-04-08_vbfhinv_full_analysis/cr_g_vbf/cr_g_vbf_data_mc_recoil_2017.pdf Graphic file (type pdf)
<use 3_DataAnalysisStrategy/Figures/DataMC/merged_2023-04-08_vbfhinv_full_analysis/cr_g_vbf/cr_g_vbf_data_mc_recoil_2017.pdf>
Package pdftex.def Info: 3_DataAnalysisStrategy/Figures/DataMC/merged_2023-04-08_vbfhinv_full_analysis/cr_g_vbf/cr_g_vbf_data_mc_recoil_2017.pdf  used on input line 497.
(pdftex.def)             Requested size: 212.47617pt x 212.48006pt.
<3_DataAnalysisStrategy/Figures/DataMC/merged_2023-04-08_vbfhinv_full_analysis/cr_g_vbf/cr_g_vbf_data_mc_mjj_2017.pdf, id=10325, 505.89pt x 505.89pt>
File: 3_DataAnalysisStrategy/Figures/DataMC/merged_2023-04-08_vbfhinv_full_analysis/cr_g_vbf/cr_g_vbf_data_mc_mjj_2017.pdf Graphic file (type pdf)
<use 3_DataAnalysisStrategy/Figures/DataMC/merged_2023-04-08_vbfhinv_full_analysis/cr_g_vbf/cr_g_vbf_data_mc_mjj_2017.pdf>
Package pdftex.def Info: 3_DataAnalysisStrategy/Figures/DataMC/merged_2023-04-08_vbfhinv_full_analysis/cr_g_vbf/cr_g_vbf_data_mc_mjj_2017.pdf  used on input line 498.
(pdftex.def)             Requested size: 212.47617pt x 212.48006pt.
<3_DataAnalysisStrategy/Figures/DataMC/merged_2023-04-08_vbfhinv_full_analysis/cr_g_vbf/cr_g_vbf_data_mc_detajj_2017.pdf, id=10326, 505.89pt x 505.89pt>
File: 3_DataAnalysisStrategy/Figures/DataMC/merged_2023-04-08_vbfhinv_full_analysis/cr_g_vbf/cr_g_vbf_data_mc_detajj_2017.pdf Graphic file (type pdf)
<use 3_DataAnalysisStrategy/Figures/DataMC/merged_2023-04-08_vbfhinv_full_analysis/cr_g_vbf/cr_g_vbf_data_mc_detajj_2017.pdf>
Package pdftex.def Info: 3_DataAnalysisStrategy/Figures/DataMC/merged_2023-04-08_vbfhinv_full_analysis/cr_g_vbf/cr_g_vbf_data_mc_detajj_2017.pdf  used on input line 499.
(pdftex.def)             Requested size: 212.47617pt x 212.48006pt.
<3_DataAnalysisStrategy/Figures/DataMC/merged_2023-04-08_vbfhinv_full_analysis/cr_g_vbf/cr_g_vbf_data_mc_dphijj_2017.pdf, id=10327, 505.89pt x 505.89pt>
File: 3_DataAnalysisStrategy/Figures/DataMC/merged_2023-04-08_vbfhinv_full_analysis/cr_g_vbf/cr_g_vbf_data_mc_dphijj_2017.pdf Graphic file (type pdf)
<use 3_DataAnalysisStrategy/Figures/DataMC/merged_2023-04-08_vbfhinv_full_analysis/cr_g_vbf/cr_g_vbf_data_mc_dphijj_2017.pdf>
Package pdftex.def Info: 3_DataAnalysisStrategy/Figures/DataMC/merged_2023-04-08_vbfhinv_full_analysis/cr_g_vbf/cr_g_vbf_data_mc_dphijj_2017.pdf  used on input line 500.
(pdftex.def)             Requested size: 212.47617pt x 212.48006pt.
<3_DataAnalysisStrategy/Figures/DataMC/merged_2023-04-08_vbfhinv_full_analysis/cr_g_vbf/cr_g_vbf_data_mc_photon_pt0_2017.pdf, id=10328, 505.89pt x 505.89pt>
File: 3_DataAnalysisStrategy/Figures/DataMC/merged_2023-04-08_vbfhinv_full_analysis/cr_g_vbf/cr_g_vbf_data_mc_photon_pt0_2017.pdf Graphic file (type pdf)
<use 3_DataAnalysisStrategy/Figures/DataMC/merged_2023-04-08_vbfhinv_full_analysis/cr_g_vbf/cr_g_vbf_data_mc_photon_pt0_2017.pdf>
Package pdftex.def Info: 3_DataAnalysisStrategy/Figures/DataMC/merged_2023-04-08_vbfhinv_full_analysis/cr_g_vbf/cr_g_vbf_data_mc_photon_pt0_2017.pdf  used on input line 511.
(pdftex.def)             Requested size: 212.47617pt x 212.48006pt.
<3_DataAnalysisStrategy/Figures/DataMC/merged_2023-04-08_vbfhinv_full_analysis/cr_g_vbf/cr_g_vbf_data_mc_photon_eta0_2017.pdf, id=10329, 505.89pt x 505.89pt>
File: 3_DataAnalysisStrategy/Figures/DataMC/merged_2023-04-08_vbfhinv_full_analysis/cr_g_vbf/cr_g_vbf_data_mc_photon_eta0_2017.pdf Graphic file (type pdf)
<use 3_DataAnalysisStrategy/Figures/DataMC/merged_2023-04-08_vbfhinv_full_analysis/cr_g_vbf/cr_g_vbf_data_mc_photon_eta0_2017.pdf>
Package pdftex.def Info: 3_DataAnalysisStrategy/Figures/DataMC/merged_2023-04-08_vbfhinv_full_analysis/cr_g_vbf/cr_g_vbf_data_mc_photon_eta0_2017.pdf  used on input line 512.
(pdftex.def)             Requested size: 212.47617pt x 212.48006pt.
<3_DataAnalysisStrategy/Figures/DataMC/merged_2023-04-08_vbfhinv_full_analysis/cr_g_vbf/cr_g_vbf_data_mc_recoil_2018.pdf, id=10330, 505.89pt x 505.89pt>
File: 3_DataAnalysisStrategy/Figures/DataMC/merged_2023-04-08_vbfhinv_full_analysis/cr_g_vbf/cr_g_vbf_data_mc_recoil_2018.pdf Graphic file (type pdf)
<use 3_DataAnalysisStrategy/Figures/DataMC/merged_2023-04-08_vbfhinv_full_analysis/cr_g_vbf/cr_g_vbf_data_mc_recoil_2018.pdf>
Package pdftex.def Info: 3_DataAnalysisStrategy/Figures/DataMC/merged_2023-04-08_vbfhinv_full_analysis/cr_g_vbf/cr_g_vbf_data_mc_recoil_2018.pdf  used on input line 521.
(pdftex.def)             Requested size: 212.47617pt x 212.48006pt.
<3_DataAnalysisStrategy/Figures/DataMC/merged_2023-04-08_vbfhinv_full_analysis/cr_g_vbf/cr_g_vbf_data_mc_mjj_2018.pdf, id=10331, 505.89pt x 505.89pt>
File: 3_DataAnalysisStrategy/Figures/DataMC/merged_2023-04-08_vbfhinv_full_analysis/cr_g_vbf/cr_g_vbf_data_mc_mjj_2018.pdf Graphic file (type pdf)
<use 3_DataAnalysisStrategy/Figures/DataMC/merged_2023-04-08_vbfhinv_full_analysis/cr_g_vbf/cr_g_vbf_data_mc_mjj_2018.pdf>
Package pdftex.def Info: 3_DataAnalysisStrategy/Figures/DataMC/merged_2023-04-08_vbfhinv_full_analysis/cr_g_vbf/cr_g_vbf_data_mc_mjj_2018.pdf  used on input line 522.
(pdftex.def)             Requested size: 212.47617pt x 212.48006pt.
<3_DataAnalysisStrategy/Figures/DataMC/merged_2023-04-08_vbfhinv_full_analysis/cr_g_vbf/cr_g_vbf_data_mc_detajj_2018.pdf, id=10332, 505.89pt x 505.89pt>
File: 3_DataAnalysisStrategy/Figures/DataMC/merged_2023-04-08_vbfhinv_full_analysis/cr_g_vbf/cr_g_vbf_data_mc_detajj_2018.pdf Graphic file (type pdf)
<use 3_DataAnalysisStrategy/Figures/DataMC/merged_2023-04-08_vbfhinv_full_analysis/cr_g_vbf/cr_g_vbf_data_mc_detajj_2018.pdf>
Package pdftex.def Info: 3_DataAnalysisStrategy/Figures/DataMC/merged_2023-04-08_vbfhinv_full_analysis/cr_g_vbf/cr_g_vbf_data_mc_detajj_2018.pdf  used on input line 523.
(pdftex.def)             Requested size: 212.47617pt x 212.48006pt.
<3_DataAnalysisStrategy/Figures/DataMC/merged_2023-04-08_vbfhinv_full_analysis/cr_g_vbf/cr_g_vbf_data_mc_dphijj_2018.pdf, id=10333, 505.89pt x 505.89pt>
File: 3_DataAnalysisStrategy/Figures/DataMC/merged_2023-04-08_vbfhinv_full_analysis/cr_g_vbf/cr_g_vbf_data_mc_dphijj_2018.pdf Graphic file (type pdf)
<use 3_DataAnalysisStrategy/Figures/DataMC/merged_2023-04-08_vbfhinv_full_analysis/cr_g_vbf/cr_g_vbf_data_mc_dphijj_2018.pdf>
Package pdftex.def Info: 3_DataAnalysisStrategy/Figures/DataMC/merged_2023-04-08_vbfhinv_full_analysis/cr_g_vbf/cr_g_vbf_data_mc_dphijj_2018.pdf  used on input line 524.
(pdftex.def)             Requested size: 212.47617pt x 212.48006pt.
<3_DataAnalysisStrategy/Figures/DataMC/merged_2023-04-08_vbfhinv_full_analysis/cr_g_vbf/cr_g_vbf_data_mc_photon_pt0_2018.pdf, id=10334, 505.89pt x 505.89pt>
File: 3_DataAnalysisStrategy/Figures/DataMC/merged_2023-04-08_vbfhinv_full_analysis/cr_g_vbf/cr_g_vbf_data_mc_photon_pt0_2018.pdf Graphic file (type pdf)
<use 3_DataAnalysisStrategy/Figures/DataMC/merged_2023-04-08_vbfhinv_full_analysis/cr_g_vbf/cr_g_vbf_data_mc_photon_pt0_2018.pdf>
Package pdftex.def Info: 3_DataAnalysisStrategy/Figures/DataMC/merged_2023-04-08_vbfhinv_full_analysis/cr_g_vbf/cr_g_vbf_data_mc_photon_pt0_2018.pdf  used on input line 535.
(pdftex.def)             Requested size: 212.47617pt x 212.48006pt.
<3_DataAnalysisStrategy/Figures/DataMC/merged_2023-04-08_vbfhinv_full_analysis/cr_g_vbf/cr_g_vbf_data_mc_photon_eta0_2018.pdf, id=10335, 505.89pt x 505.89pt>
File: 3_DataAnalysisStrategy/Figures/DataMC/merged_2023-04-08_vbfhinv_full_analysis/cr_g_vbf/cr_g_vbf_data_mc_photon_eta0_2018.pdf Graphic file (type pdf)
<use 3_DataAnalysisStrategy/Figures/DataMC/merged_2023-04-08_vbfhinv_full_analysis/cr_g_vbf/cr_g_vbf_data_mc_photon_eta0_2018.pdf>
Package pdftex.def Info: 3_DataAnalysisStrategy/Figures/DataMC/merged_2023-04-08_vbfhinv_full_analysis/cr_g_vbf/cr_g_vbf_data_mc_photon_eta0_2018.pdf  used on input line 536.
(pdftex.def)             Requested size: 212.47617pt x 212.48006pt.
 [138

] [139 <./3_DataAnalysisStrategy/Figures/DataMC/merged_2023-04-08_vbfhinv_full_analysis/cr_g_vbf/cr_g_vbf_data_mc_recoil_2017.pdf> <./3_DataAnalysisStrategy/Figures/DataMC/merged_2023-04-08_vbfhinv_full_analysis/cr_g_vbf/cr_g_vbf_data_mc_mjj_2017.pdf

pdfTeX warning: pdflatex (file ./3_DataAnalysisStrategy/Figures/DataMC/merged_2023-04-08_vbfhinv_full_analysis/cr_g_vbf/cr_g_vbf_data_mc_mjj_2017.pdf): PDF inclusion: multiple pdfs with page group included in a single page
> <./3_DataAnalysisStrategy/Figures/DataMC/merged_2023-04-08_vbfhinv_full_analysis/cr_g_vbf/cr_g_vbf_data_mc_detajj_2017.pdf

pdfTeX warning: pdflatex (file ./3_DataAnalysisStrategy/Figures/DataMC/merged_2023-04-08_vbfhinv_full_analysis/cr_g_vbf/cr_g_vbf_data_mc_detajj_2017.pdf): PDF inclusion: multiple pdfs with page group included in a single page
> <./3_DataAnalysisStrategy/Figures/DataMC/merged_2023-04-08_vbfhinv_full_analysis/cr_g_vbf/cr_g_vbf_data_mc_dphijj_2017.pdf

pdfTeX warning: pdflatex (file ./3_DataAnalysisStrategy/Figures/DataMC/merged_2023-04-08_vbfhinv_full_analysis/cr_g_vbf/cr_g_vbf_data_mc_dphijj_2017.pdf): PDF inclusion: multiple pdfs with page group included in a single page
>] [140 <./3_DataAnalysisStrategy/Figures/DataMC/merged_2023-04-08_vbfhinv_full_analysis/cr_g_vbf/cr_g_vbf_data_mc_photon_pt0_2017.pdf> <./3_DataAnalysisStrategy/Figures/DataMC/merged_2023-04-08_vbfhinv_full_analysis/cr_g_vbf/cr_g_vbf_data_mc_photon_eta0_2017.pdf

pdfTeX warning: pdflatex (file ./3_DataAnalysisStrategy/Figures/DataMC/merged_2023-04-08_vbfhinv_full_analysis/cr_g_vbf/cr_g_vbf_data_mc_photon_eta0_2017.pdf): PDF inclusion: multiple pdfs with page group included in a single page
>] [141 <./3_DataAnalysisStrategy/Figures/DataMC/merged_2023-04-08_vbfhinv_full_analysis/cr_g_vbf/cr_g_vbf_data_mc_recoil_2018.pdf> <./3_DataAnalysisStrategy/Figures/DataMC/merged_2023-04-08_vbfhinv_full_analysis/cr_g_vbf/cr_g_vbf_data_mc_mjj_2018.pdf

pdfTeX warning: pdflatex (file ./3_DataAnalysisStrategy/Figures/DataMC/merged_2023-04-08_vbfhinv_full_analysis/cr_g_vbf/cr_g_vbf_data_mc_mjj_2018.pdf): PDF inclusion: multiple pdfs with page group included in a single page
> <./3_DataAnalysisStrategy/Figures/DataMC/merged_2023-04-08_vbfhinv_full_analysis/cr_g_vbf/cr_g_vbf_data_mc_detajj_2018.pdf

pdfTeX warning: pdflatex (file ./3_DataAnalysisStrategy/Figures/DataMC/merged_2023-04-08_vbfhinv_full_analysis/cr_g_vbf/cr_g_vbf_data_mc_detajj_2018.pdf): PDF inclusion: multiple pdfs with page group included in a single page
> <./3_DataAnalysisStrategy/Figures/DataMC/merged_2023-04-08_vbfhinv_full_analysis/cr_g_vbf/cr_g_vbf_data_mc_dphijj_2018.pdf

pdfTeX warning: pdflatex (file ./3_DataAnalysisStrategy/Figures/DataMC/merged_2023-04-08_vbfhinv_full_analysis/cr_g_vbf/cr_g_vbf_data_mc_dphijj_2018.pdf): PDF inclusion: multiple pdfs with page group included in a single page
>] [142 <./3_DataAnalysisStrategy/Figures/DataMC/merged_2023-04-08_vbfhinv_full_analysis/cr_g_vbf/cr_g_vbf_data_mc_photon_pt0_2018.pdf> <./3_DataAnalysisStrategy/Figures/DataMC/merged_2023-04-08_vbfhinv_full_analysis/cr_g_vbf/cr_g_vbf_data_mc_photon_eta0_2018.pdf

pdfTeX warning: pdflatex (file ./3_DataAnalysisStrategy/Figures/DataMC/merged_2023-04-08_vbfhinv_full_analysis/cr_g_vbf/cr_g_vbf_data_mc_photon_eta0_2018.pdf): PDF inclusion: multiple pdfs with page group included in a single page
>]) (./3_DataAnalysisStrategy/signal_extraction.tex
Overfull \hbox (0.2103pt too wide) in paragraph at lines 28--29
[]\OT1/cmr/m/n/12 QCD mul-ti-jet events, mea-sured from data us-ing a $^^A\OML/cmm/m/it/12 ^^^$ \OT1/cmr/m/n/12 ex-trap-o-la-tion method [29]. 
 []

[143

]
Overfull \hbox (2.75122pt too wide) detected at line 77
[][][]
 []

[144] [145] [146]
<3_DataAnalysisStrategy/Figures/TransferFactors/merged_2023-04-08_vbfhinv_full_analysis_NLO_VJets_09Apr23_thesis_v1/dielectron_singleelectron_cat_vbf_2017_2017ratio.pdf, id=11150, 545.03625pt x 569.12625pt>
File: 3_DataAnalysisStrategy/Figures/TransferFactors/merged_2023-04-08_vbfhinv_full_analysis_NLO_VJets_09Apr23_thesis_v1/dielectron_singleelectron_cat_vbf_2017_2017ratio.pdf Graphic file (type pdf)
<use 3_DataAnalysisStrategy/Figures/TransferFactors/merged_2023-04-08_vbfhinv_full_analysis_NLO_VJets_09Apr23_thesis_v1/dielectron_singleelectron_cat_vbf_2017_2017ratio.pdf>
Package pdftex.def Info: 3_DataAnalysisStrategy/Figures/TransferFactors/merged_2023-04-08_vbfhinv_full_analysis_NLO_VJets_09Apr23_thesis_v1/dielectron_singleelectron_cat_vbf_2017_2017ratio.pdf  used on input line 196.
(pdftex.def)             Requested size: 195.12767pt x 203.74767pt.
<3_DataAnalysisStrategy/Figures/TransferFactors/merged_2023-04-08_vbfhinv_full_analysis_NLO_VJets_09Apr23_thesis_v1/dielectron_singleelectron_cat_vbf_2018_2018ratio.pdf, id=11151, 545.03625pt x 569.12625pt>
File: 3_DataAnalysisStrategy/Figures/TransferFactors/merged_2023-04-08_vbfhinv_full_analysis_NLO_VJets_09Apr23_thesis_v1/dielectron_singleelectron_cat_vbf_2018_2018ratio.pdf Graphic file (type pdf)
<use 3_DataAnalysisStrategy/Figures/TransferFactors/merged_2023-04-08_vbfhinv_full_analysis_NLO_VJets_09Apr23_thesis_v1/dielectron_singleelectron_cat_vbf_2018_2018ratio.pdf>
Package pdftex.def Info: 3_DataAnalysisStrategy/Figures/TransferFactors/merged_2023-04-08_vbfhinv_full_analysis_NLO_VJets_09Apr23_thesis_v1/dielectron_singleelectron_cat_vbf_2018_2018ratio.pdf  used on input line 197.
(pdftex.def)             Requested size: 195.12767pt x 203.74767pt.
<3_DataAnalysisStrategy/Figures/TransferFactors/merged_2023-04-08_vbfhinv_full_analysis_NLO_VJets_09Apr23_thesis_v1/dimuon_singlemuon_cat_vbf_2017_2017ratio.pdf, id=11152, 545.03625pt x 569.12625pt>
File: 3_DataAnalysisStrategy/Figures/TransferFactors/merged_2023-04-08_vbfhinv_full_analysis_NLO_VJets_09Apr23_thesis_v1/dimuon_singlemuon_cat_vbf_2017_2017ratio.pdf Graphic file (type pdf)
<use 3_DataAnalysisStrategy/Figures/TransferFactors/merged_2023-04-08_vbfhinv_full_analysis_NLO_VJets_09Apr23_thesis_v1/dimuon_singlemuon_cat_vbf_2017_2017ratio.pdf>
Package pdftex.def Info: 3_DataAnalysisStrategy/Figures/TransferFactors/merged_2023-04-08_vbfhinv_full_analysis_NLO_VJets_09Apr23_thesis_v1/dimuon_singlemuon_cat_vbf_2017_2017ratio.pdf  used on input line 198.
(pdftex.def)             Requested size: 195.12767pt x 203.74767pt.
<3_DataAnalysisStrategy/Figures/TransferFactors/merged_2023-04-08_vbfhinv_full_analysis_NLO_VJets_09Apr23_thesis_v1/dimuon_singlemuon_cat_vbf_2018_2018ratio.pdf, id=11153, 545.03625pt x 569.12625pt>
File: 3_DataAnalysisStrategy/Figures/TransferFactors/merged_2023-04-08_vbfhinv_full_analysis_NLO_VJets_09Apr23_thesis_v1/dimuon_singlemuon_cat_vbf_2018_2018ratio.pdf Graphic file (type pdf)
<use 3_DataAnalysisStrategy/Figures/TransferFactors/merged_2023-04-08_vbfhinv_full_analysis_NLO_VJets_09Apr23_thesis_v1/dimuon_singlemuon_cat_vbf_2018_2018ratio.pdf>
Package pdftex.def Info: 3_DataAnalysisStrategy/Figures/TransferFactors/merged_2023-04-08_vbfhinv_full_analysis_NLO_VJets_09Apr23_thesis_v1/dimuon_singlemuon_cat_vbf_2018_2018ratio.pdf  used on input line 199.
(pdftex.def)             Requested size: 195.12767pt x 203.74767pt.
<3_DataAnalysisStrategy/Figures/TransferFactors/merged_2023-04-08_vbfhinv_full_analysis_NLO_VJets_09Apr23_thesis_v1/dielectron_gjets_cat_vbf_2017_2017ratio.pdf, id=11154, 545.03625pt x 569.12625pt>
File: 3_DataAnalysisStrategy/Figures/TransferFactors/merged_2023-04-08_vbfhinv_full_analysis_NLO_VJets_09Apr23_thesis_v1/dielectron_gjets_cat_vbf_2017_2017ratio.pdf Graphic file (type pdf)
<use 3_DataAnalysisStrategy/Figures/TransferFactors/merged_2023-04-08_vbfhinv_full_analysis_NLO_VJets_09Apr23_thesis_v1/dielectron_gjets_cat_vbf_2017_2017ratio.pdf>
Package pdftex.def Info: 3_DataAnalysisStrategy/Figures/TransferFactors/merged_2023-04-08_vbfhinv_full_analysis_NLO_VJets_09Apr23_thesis_v1/dielectron_gjets_cat_vbf_2017_2017ratio.pdf  used on input line 213.
(pdftex.def)             Requested size: 195.12767pt x 203.74767pt.
<3_DataAnalysisStrategy/Figures/TransferFactors/merged_2023-04-08_vbfhinv_full_analysis_NLO_VJets_09Apr23_thesis_v1/dielectron_gjets_cat_vbf_2018_2018ratio.pdf, id=11155, 545.03625pt x 569.12625pt>
File: 3_DataAnalysisStrategy/Figures/TransferFactors/merged_2023-04-08_vbfhinv_full_analysis_NLO_VJets_09Apr23_thesis_v1/dielectron_gjets_cat_vbf_2018_2018ratio.pdf Graphic file (type pdf)
<use 3_DataAnalysisStrategy/Figures/TransferFactors/merged_2023-04-08_vbfhinv_full_analysis_NLO_VJets_09Apr23_thesis_v1/dielectron_gjets_cat_vbf_2018_2018ratio.pdf>
Package pdftex.def Info: 3_DataAnalysisStrategy/Figures/TransferFactors/merged_2023-04-08_vbfhinv_full_analysis_NLO_VJets_09Apr23_thesis_v1/dielectron_gjets_cat_vbf_2018_2018ratio.pdf  used on input line 214.
(pdftex.def)             Requested size: 195.12767pt x 203.74767pt.
<3_DataAnalysisStrategy/Figures/TransferFactors/merged_2023-04-08_vbfhinv_full_analysis_NLO_VJets_09Apr23_thesis_v1/dimuon_gjets_cat_vbf_2017_2017ratio.pdf, id=11156, 545.03625pt x 569.12625pt>
File: 3_DataAnalysisStrategy/Figures/TransferFactors/merged_2023-04-08_vbfhinv_full_analysis_NLO_VJets_09Apr23_thesis_v1/dimuon_gjets_cat_vbf_2017_2017ratio.pdf Graphic file (type pdf)
<use 3_DataAnalysisStrategy/Figures/TransferFactors/merged_2023-04-08_vbfhinv_full_analysis_NLO_VJets_09Apr23_thesis_v1/dimuon_gjets_cat_vbf_2017_2017ratio.pdf>
Package pdftex.def Info: 3_DataAnalysisStrategy/Figures/TransferFactors/merged_2023-04-08_vbfhinv_full_analysis_NLO_VJets_09Apr23_thesis_v1/dimuon_gjets_cat_vbf_2017_2017ratio.pdf  used on input line 215.
(pdftex.def)             Requested size: 195.12767pt x 203.74767pt.
<3_DataAnalysisStrategy/Figures/TransferFactors/merged_2023-04-08_vbfhinv_full_analysis_NLO_VJets_09Apr23_thesis_v1/dimuon_gjets_cat_vbf_2018_2018ratio.pdf, id=11157, 545.03625pt x 569.12625pt>
File: 3_DataAnalysisStrategy/Figures/TransferFactors/merged_2023-04-08_vbfhinv_full_analysis_NLO_VJets_09Apr23_thesis_v1/dimuon_gjets_cat_vbf_2018_2018ratio.pdf Graphic file (type pdf)
<use 3_DataAnalysisStrategy/Figures/TransferFactors/merged_2023-04-08_vbfhinv_full_analysis_NLO_VJets_09Apr23_thesis_v1/dimuon_gjets_cat_vbf_2018_2018ratio.pdf>
Package pdftex.def Info: 3_DataAnalysisStrategy/Figures/TransferFactors/merged_2023-04-08_vbfhinv_full_analysis_NLO_VJets_09Apr23_thesis_v1/dimuon_gjets_cat_vbf_2018_2018ratio.pdf  used on input line 216.
(pdftex.def)             Requested size: 195.12767pt x 203.74767pt.
 [147] [148 <./3_DataAnalysisStrategy/Figures/TransferFactors/merged_2023-04-08_vbfhinv_full_analysis_NLO_VJets_09Apr23_thesis_v1/dielectron_singleelectron_cat_vbf_2017_2017ratio.pdf> <./3_DataAnalysisStrategy/Figures/TransferFactors/merged_2023-04-08_vbfhinv_full_analysis_NLO_VJets_09Apr23_thesis_v1/dielectron_singleelectron_cat_vbf_2018_2018ratio.pdf> <./3_DataAnalysisStrategy/Figures/TransferFactors/merged_2023-04-08_vbfhinv_full_analysis_NLO_VJets_09Apr23_thesis_v1/dimuon_singlemuon_cat_vbf_2017_2017ratio.pdf> <./3_DataAnalysisStrategy/Figures/TransferFactors/merged_2023-04-08_vbfhinv_full_analysis_NLO_VJets_09Apr23_thesis_v1/dimuon_singlemuon_cat_vbf_2018_2018ratio.pdf>] [149 <./3_DataAnalysisStrategy/Figures/TransferFactors/merged_2023-04-08_vbfhinv_full_analysis_NLO_VJets_09Apr23_thesis_v1/dielectron_gjets_cat_vbf_2017_2017ratio.pdf> <./3_DataAnalysisStrategy/Figures/TransferFactors/merged_2023-04-08_vbfhinv_full_analysis_NLO_VJets_09Apr23_thesis_v1/dielectron_gjets_cat_vbf_2018_2018ratio.pdf> <./3_DataAnalysisStrategy/Figures/TransferFactors/merged_2023-04-08_vbfhinv_full_analysis_NLO_VJets_09Apr23_thesis_v1/dimuon_gjets_cat_vbf_2017_2017ratio.pdf> <./3_DataAnalysisStrategy/Figures/TransferFactors/merged_2023-04-08_vbfhinv_full_analysis_NLO_VJets_09Apr23_thesis_v1/dimuon_gjets_cat_vbf_2018_2018ratio.pdf>] [150

]
<3_DataAnalysisStrategy/Figures/TheoryUncertainties/uncertainty_ratio_z_qcd_mjj_unc_zoverw_nlo_2018.pdf, id=11516, 462.52798pt x 346.89601pt>
File: 3_DataAnalysisStrategy/Figures/TheoryUncertainties/uncertainty_ratio_z_qcd_mjj_unc_zoverw_nlo_2018.pdf Graphic file (type pdf)
<use 3_DataAnalysisStrategy/Figures/TheoryUncertainties/uncertainty_ratio_z_qcd_mjj_unc_zoverw_nlo_2018.pdf>
Package pdftex.def Info: 3_DataAnalysisStrategy/Figures/TheoryUncertainties/uncertainty_ratio_z_qcd_mjj_unc_zoverw_nlo_2018.pdf  used on input line 265.
(pdftex.def)             Requested size: 195.12767pt x 146.34639pt.
<3_DataAnalysisStrategy/Figures/TheoryUncertainties/uncertainty_ratio_z_ewk_mjj_unc_zoverw_nlo_2018.pdf, id=11517, 462.52798pt x 346.89601pt>
File: 3_DataAnalysisStrategy/Figures/TheoryUncertainties/uncertainty_ratio_z_ewk_mjj_unc_zoverw_nlo_2018.pdf Graphic file (type pdf)
<use 3_DataAnalysisStrategy/Figures/TheoryUncertainties/uncertainty_ratio_z_ewk_mjj_unc_zoverw_nlo_2018.pdf>
Package pdftex.def Info: 3_DataAnalysisStrategy/Figures/TheoryUncertainties/uncertainty_ratio_z_ewk_mjj_unc_zoverw_nlo_2018.pdf  used on input line 266.
(pdftex.def)             Requested size: 195.12767pt x 146.34639pt.
<3_DataAnalysisStrategy/Figures/TheoryUncertainties/uncertainty_ratio_gjets_qcd_mjj_unc_goverz_nlo_2018.pdf, id=11518, 462.52798pt x 346.89601pt>
File: 3_DataAnalysisStrategy/Figures/TheoryUncertainties/uncertainty_ratio_gjets_qcd_mjj_unc_goverz_nlo_2018.pdf Graphic file (type pdf)
<use 3_DataAnalysisStrategy/Figures/TheoryUncertainties/uncertainty_ratio_gjets_qcd_mjj_unc_goverz_nlo_2018.pdf>
Package pdftex.def Info: 3_DataAnalysisStrategy/Figures/TheoryUncertainties/uncertainty_ratio_gjets_qcd_mjj_unc_goverz_nlo_2018.pdf  used on input line 267.
(pdftex.def)             Requested size: 195.12767pt x 146.34639pt.
<3_DataAnalysisStrategy/Figures/TheoryUncertainties/uncertainty_ratio_gjets_ewk_mjj_unc_goverz_nlo_2018.pdf, id=11519, 462.52798pt x 346.89601pt>
File: 3_DataAnalysisStrategy/Figures/TheoryUncertainties/uncertainty_ratio_gjets_ewk_mjj_unc_goverz_nlo_2018.pdf Graphic file (type pdf)
<use 3_DataAnalysisStrategy/Figures/TheoryUncertainties/uncertainty_ratio_gjets_ewk_mjj_unc_goverz_nlo_2018.pdf>
Package pdftex.def Info: 3_DataAnalysisStrategy/Figures/TheoryUncertainties/uncertainty_ratio_gjets_ewk_mjj_unc_goverz_nlo_2018.pdf  used on input line 268.
(pdftex.def)             Requested size: 195.12767pt x 146.34639pt.
 [151] [152 <./3_DataAnalysisStrategy/Figures/TheoryUncertainties/uncertainty_ratio_z_qcd_mjj_unc_zoverw_nlo_2018.pdf> <./3_DataAnalysisStrategy/Figures/TheoryUncertainties/uncertainty_ratio_z_ewk_mjj_unc_zoverw_nlo_2018.pdf> <./3_DataAnalysisStrategy/Figures/TheoryUncertainties/uncertainty_ratio_gjets_qcd_mjj_unc_goverz_nlo_2018.pdf> <./3_DataAnalysisStrategy/Figures/TheoryUncertainties/uncertainty_ratio_gjets_ewk_mjj_unc_goverz_nlo_2018.pdf>]
<3_DataAnalysisStrategy/Figures/ExperimentalUncertainties/L1prefire_unc.pdf, id=11795, 462.52798pt x 346.89601pt>
File: 3_DataAnalysisStrategy/Figures/ExperimentalUncertainties/L1prefire_unc.pdf Graphic file (type pdf)
<use 3_DataAnalysisStrategy/Figures/ExperimentalUncertainties/L1prefire_unc.pdf>
Package pdftex.def Info: 3_DataAnalysisStrategy/Figures/ExperimentalUncertainties/L1prefire_unc.pdf  used on input line 302.
(pdftex.def)             Requested size: 303.53267pt x 227.66052pt.
 [153

] [154 <./3_DataAnalysisStrategy/Figures/ExperimentalUncertainties/L1prefire_unc.pdf>]
<3_DataAnalysisStrategy/Figures/ExperimentalUncertainties/JEC/znunu_over_zll17_qcd_splitJEC_singleBin.pdf, id=11847, 462.52798pt x 346.89601pt>
File: 3_DataAnalysisStrategy/Figures/ExperimentalUncertainties/JEC/znunu_over_zll17_qcd_splitJEC_singleBin.pdf Graphic file (type pdf)
<use 3_DataAnalysisStrategy/Figures/ExperimentalUncertainties/JEC/znunu_over_zll17_qcd_splitJEC_singleBin.pdf>
Package pdftex.def Info: 3_DataAnalysisStrategy/Figures/ExperimentalUncertainties/JEC/znunu_over_zll17_qcd_splitJEC_singleBin.pdf  used on input line 334.
(pdftex.def)             Requested size: 212.47617pt x 159.35707pt.
<3_DataAnalysisStrategy/Figures/ExperimentalUncertainties/JEC/znunu_over_zll18_qcd_splitJEC_singleBin.pdf, id=11848, 462.52798pt x 346.89601pt>
File: 3_DataAnalysisStrategy/Figures/ExperimentalUncertainties/JEC/znunu_over_zll18_qcd_splitJEC_singleBin.pdf Graphic file (type pdf)
<use 3_DataAnalysisStrategy/Figures/ExperimentalUncertainties/JEC/znunu_over_zll18_qcd_splitJEC_singleBin.pdf>
Package pdftex.def Info: 3_DataAnalysisStrategy/Figures/ExperimentalUncertainties/JEC/znunu_over_zll18_qcd_splitJEC_singleBin.pdf  used on input line 335.
(pdftex.def)             Requested size: 212.47617pt x 159.35707pt.

Underfull \hbox (badness 2384) in paragraph at lines 339--339
[]\OT1/cmr/bx/n/12 Figure 3$\OMS/cmsy/m/n/12 ^^A$\OT1/cmr/bx/n/12 58: |\OT1/cmr/m/n/12 All single-bin JES/JER un-cer-tain-ties on QCD
 []

<3_DataAnalysisStrategy/Figures/ExperimentalUncertainties/JEC/znunu_over_gjets17_qcd_splitJEC_singleBin.pdf, id=11849, 462.52798pt x 346.89601pt>
File: 3_DataAnalysisStrategy/Figures/ExperimentalUncertainties/JEC/znunu_over_gjets17_qcd_splitJEC_singleBin.pdf Graphic file (type pdf)
<use 3_DataAnalysisStrategy/Figures/ExperimentalUncertainties/JEC/znunu_over_gjets17_qcd_splitJEC_singleBin.pdf>
Package pdftex.def Info: 3_DataAnalysisStrategy/Figures/ExperimentalUncertainties/JEC/znunu_over_gjets17_qcd_splitJEC_singleBin.pdf  used on input line 345.
(pdftex.def)             Requested size: 212.47617pt x 159.35707pt.
<3_DataAnalysisStrategy/Figures/ExperimentalUncertainties/JEC/znunu_over_gjets18_qcd_splitJEC_singleBin.pdf, id=11850, 462.52798pt x 346.89601pt>
File: 3_DataAnalysisStrategy/Figures/ExperimentalUncertainties/JEC/znunu_over_gjets18_qcd_splitJEC_singleBin.pdf Graphic file (type pdf)
<use 3_DataAnalysisStrategy/Figures/ExperimentalUncertainties/JEC/znunu_over_gjets18_qcd_splitJEC_singleBin.pdf>
Package pdftex.def Info: 3_DataAnalysisStrategy/Figures/ExperimentalUncertainties/JEC/znunu_over_gjets18_qcd_splitJEC_singleBin.pdf  used on input line 346.
(pdftex.def)             Requested size: 212.47617pt x 159.35707pt.

LaTeX Warning: `!h' float specifier changed to `!ht'.

[155 <./3_DataAnalysisStrategy/Figures/ExperimentalUncertainties/JEC/znunu_over_zll17_qcd_splitJEC_singleBin.pdf> <./3_DataAnalysisStrategy/Figures/ExperimentalUncertainties/JEC/znunu_over_zll18_qcd_splitJEC_singleBin.pdf

pdfTeX warning: pdflatex (file ./3_DataAnalysisStrategy/Figures/ExperimentalUncertainties/JEC/znunu_over_zll18_qcd_splitJEC_singleBin.pdf): PDF inclusion: multiple pdfs with page group included in a single page
>] [156 <./3_DataAnalysisStrategy/Figures/ExperimentalUncertainties/JEC/znunu_over_gjets17_qcd_splitJEC_singleBin.pdf> <./3_DataAnalysisStrategy/Figures/ExperimentalUncertainties/JEC/znunu_over_gjets18_qcd_splitJEC_singleBin.pdf

pdfTeX warning: pdflatex (file ./3_DataAnalysisStrategy/Figures/ExperimentalUncertainties/JEC/znunu_over_gjets18_qcd_splitJEC_singleBin.pdf): PDF inclusion: multiple pdfs with page group included in a single page
>]
<3_DataAnalysisStrategy/Figures/ExperimentalUncertainties/JEC/ZJetsToNuNu_HT_2017_jesRelativeSample_2017.pdf, id=12114, 462.52798pt x 346.89601pt>
File: 3_DataAnalysisStrategy/Figures/ExperimentalUncertainties/JEC/ZJetsToNuNu_HT_2017_jesRelativeSample_2017.pdf Graphic file (type pdf)
<use 3_DataAnalysisStrategy/Figures/ExperimentalUncertainties/JEC/ZJetsToNuNu_HT_2017_jesRelativeSample_2017.pdf>
Package pdftex.def Info: 3_DataAnalysisStrategy/Figures/ExperimentalUncertainties/JEC/ZJetsToNuNu_HT_2017_jesRelativeSample_2017.pdf  used on input line 370.
(pdftex.def)             Requested size: 212.47617pt x 159.35707pt.
<3_DataAnalysisStrategy/Figures/ExperimentalUncertainties/JEC/ZJetsToNuNu_HT_2018_jesRelativeSample_2018.pdf, id=12115, 462.52798pt x 346.89601pt>
File: 3_DataAnalysisStrategy/Figures/ExperimentalUncertainties/JEC/ZJetsToNuNu_HT_2018_jesRelativeSample_2018.pdf Graphic file (type pdf)
<use 3_DataAnalysisStrategy/Figures/ExperimentalUncertainties/JEC/ZJetsToNuNu_HT_2018_jesRelativeSample_2018.pdf>
Package pdftex.def Info: 3_DataAnalysisStrategy/Figures/ExperimentalUncertainties/JEC/ZJetsToNuNu_HT_2018_jesRelativeSample_2018.pdf  used on input line 371.
(pdftex.def)             Requested size: 212.47617pt x 159.35707pt.
<3_DataAnalysisStrategy/Figures/ExperimentalUncertainties/JEC/VBF_HToInvisible_2017_jesRelativeSample_2017.pdf, id=12116, 462.52798pt x 346.89601pt>
File: 3_DataAnalysisStrategy/Figures/ExperimentalUncertainties/JEC/VBF_HToInvisible_2017_jesRelativeSample_2017.pdf Graphic file (type pdf)
<use 3_DataAnalysisStrategy/Figures/ExperimentalUncertainties/JEC/VBF_HToInvisible_2017_jesRelativeSample_2017.pdf>
Package pdftex.def Info: 3_DataAnalysisStrategy/Figures/ExperimentalUncertainties/JEC/VBF_HToInvisible_2017_jesRelativeSample_2017.pdf  used on input line 372.
(pdftex.def)             Requested size: 212.47617pt x 159.35707pt.
<3_DataAnalysisStrategy/Figures/ExperimentalUncertainties/JEC/VBF_HToInvisible_2018_jesRelativeSample_2018.pdf, id=12117, 462.52798pt x 346.89601pt>
File: 3_DataAnalysisStrategy/Figures/ExperimentalUncertainties/JEC/VBF_HToInvisible_2018_jesRelativeSample_2018.pdf Graphic file (type pdf)
<use 3_DataAnalysisStrategy/Figures/ExperimentalUncertainties/JEC/VBF_HToInvisible_2018_jesRelativeSample_2018.pdf>
Package pdftex.def Info: 3_DataAnalysisStrategy/Figures/ExperimentalUncertainties/JEC/VBF_HToInvisible_2018_jesRelativeSample_2018.pdf  used on input line 373.
(pdftex.def)             Requested size: 212.47617pt x 159.35707pt.
 [157 <./3_DataAnalysisStrategy/Figures/ExperimentalUncertainties/JEC/ZJetsToNuNu_HT_2017_jesRelativeSample_2017.pdf> <./3_DataAnalysisStrategy/Figures/ExperimentalUncertainties/JEC/ZJetsToNuNu_HT_2018_jesRelativeSample_2018.pdf

pdfTeX warning: pdflatex (file ./3_DataAnalysisStrategy/Figures/ExperimentalUncertainties/JEC/ZJetsToNuNu_HT_2018_jesRelativeSample_2018.pdf): PDF inclusion: multiple pdfs with page group included in a single page
> <./3_DataAnalysisStrategy/Figures/ExperimentalUncertainties/JEC/VBF_HToInvisible_2017_jesRelativeSample_2017.pdf

pdfTeX warning: pdflatex (file ./3_DataAnalysisStrategy/Figures/ExperimentalUncertainties/JEC/VBF_HToInvisible_2017_jesRelativeSample_2017.pdf): PDF inclusion: multiple pdfs with page group included in a single page
> <./3_DataAnalysisStrategy/Figures/ExperimentalUncertainties/JEC/VBF_HToInvisible_2018_jesRelativeSample_2018.pdf

pdfTeX warning: pdflatex (file ./3_DataAnalysisStrategy/Figures/ExperimentalUncertainties/JEC/VBF_HToInvisible_2018_jesRelativeSample_2018.pdf): PDF inclusion: multiple pdfs with page group included in a single page
>]

LaTeX Warning: Float too large for page by 28.56215pt on input line 448.

[158] [159]) (./3_DataAnalysisStrategy/strategy.bbl
Underfull \hbox (badness 10000) in paragraph at lines 35--37
[]\OT1/cmr/m/n/12 CMS Jet-MET POG.  $\OT1/cmtt/m/n/12 https : / / twiki . cern . ch / twiki / bin / view / CMS /
 []


Underfull \hbox (badness 10000) in paragraph at lines 55--58
[]\OT1/cmr/m/n/12 CMS JME POG.  $\OT1/cmtt/m/n/12 https : / / twiki . cern . ch / twiki / bin / view / CMS /
 []

[160

]
Underfull \hbox (badness 10000) in paragraph at lines 66--69
[]\OT1/cmr/m/n/12 CMS Muon POG.  $\OT1/cmtt/m/n/12 https : / / twiki . cern . ch / twiki / bin / view / CMS /
 []


Underfull \hbox (badness 10000) in paragraph at lines 71--74
[]\OT1/cmr/m/n/12 CMS Muon POG.  $\OT1/cmtt/m/n/12 https : / / twiki . cern . ch / twiki / bin / view / CMS /
 []


Underfull \hbox (badness 10000) in paragraph at lines 88--91
[]\OT1/cmr/m/n/12 CMS Tau POG.  $\OT1/cmtt/m/n/12 https : / / twiki . cern . ch / twiki / bin / view / CMS /
 []


Underfull \hbox (badness 6542) in paragraph at lines 99--102
[]\OT1/cmr/m/n/12 CMS EGamma POG.  $\OT1/cmtt/m/n/12 https : / / twiki . cern . ch / twiki / bin / viewauth /
 []


Underfull \hbox (badness 10000) in paragraph at lines 99--102
\OT1/cmtt/m/n/12 CMS / CutBasedPhotonIdentificationRun2 # SPRING15 \ _selections \ _bunch \
 []


Underfull \hbox (badness 10000) in paragraph at lines 104--107
[]\OT1/cmr/m/n/12 CMS Lumi POG.  $\OT1/cmtt/m/n/12 https : / / twiki . cern . ch / twiki / bin / view / CMS /
 []


Underfull \hbox (badness 10000) in paragraph at lines 109--112
[]\OT1/cmr/m/n/12 CMS Muon POG.  $\OT1/cmtt/m/n/12 https : / / twiki . cern . ch / twiki / bin / view / CMS /
 []

[161]
Underfull \hbox (badness 5847) in paragraph at lines 114--118
[]\OT1/cmr/m/n/12 CMS JME POG.  Reweight-ing recipe to em-u-late Level 1 ECAL
 []


Underfull \hbox (badness 10000) in paragraph at lines 114--118
\OT1/cmr/m/n/12 pre-fir-ing.  $\OT1/cmtt/m/n/12 https : / / twiki . cern . ch / twiki / bin / viewauth / CMS /
 []


Underfull \hbox (badness 10000) in paragraph at lines 120--123
\OT1/cmtt/m/n/12 com / cms-[]nanoAOD / nanoAOD-[]tools / blob / master / python / postprocessing /
 []

[162]
Underfull \hbox (badness 10000) in paragraph at lines 169--172
[]\OT1/cmr/m/n/12 CMS JME.  $\OT1/cmtt/m/n/12 https : / / twiki . cern . ch / twiki / bin / view / CMS /
 []

)) [163]
\openout2 = `4_Results/results.aux'.

 (./4_Results/results.tex
Chapter 4.
[164






] [165] (./4_Results/sr_cr_fit.tex [166]
<4_Results/Figures/merged_2023-04-08_vbfhinv_full_analysis_NLO_VJets_09Apr23_thesis_v1/plotsSRAndCRFit/combined/vbf_2017_PULLS_MASKED_prefit_postfit_signal_2017.pdf, id=12379, 439.6425pt x 569.12625pt>
File: 4_Results/Figures/merged_2023-04-08_vbfhinv_full_analysis_NLO_VJets_09Apr23_thesis_v1/plotsSRAndCRFit/combined/vbf_2017_PULLS_MASKED_prefit_postfit_signal_2017.pdf Graphic file (type pdf)
<use 4_Results/Figures/merged_2023-04-08_vbfhinv_full_analysis_NLO_VJets_09Apr23_thesis_v1/plotsSRAndCRFit/combined/vbf_2017_PULLS_MASKED_prefit_postfit_signal_2017.pdf>
Package pdftex.def Info: 4_Results/Figures/merged_2023-04-08_vbfhinv_full_analysis_NLO_VJets_09Apr23_thesis_v1/plotsSRAndCRFit/combined/vbf_2017_PULLS_MASKED_prefit_postfit_signal_2017.pdf  used on input line 38.
(pdftex.def)             Requested size: 195.12767pt x 252.59604pt.
<4_Results/Figures/merged_2023-04-08_vbfhinv_full_analysis_NLO_VJets_09Apr23_thesis_v1/plotsSRAndCRFit/combined/vbf_2018_PULLS_MASKED_prefit_postfit_signal_2018.pdf, id=12380, 439.6425pt x 569.12625pt>
File: 4_Results/Figures/merged_2023-04-08_vbfhinv_full_analysis_NLO_VJets_09Apr23_thesis_v1/plotsSRAndCRFit/combined/vbf_2018_PULLS_MASKED_prefit_postfit_signal_2018.pdf Graphic file (type pdf)
<use 4_Results/Figures/merged_2023-04-08_vbfhinv_full_analysis_NLO_VJets_09Apr23_thesis_v1/plotsSRAndCRFit/combined/vbf_2018_PULLS_MASKED_prefit_postfit_signal_2018.pdf>
Package pdftex.def Info: 4_Results/Figures/merged_2023-04-08_vbfhinv_full_analysis_NLO_VJets_09Apr23_thesis_v1/plotsSRAndCRFit/combined/vbf_2018_PULLS_MASKED_prefit_postfit_signal_2018.pdf  used on input line 39.
(pdftex.def)             Requested size: 195.12767pt x 252.59604pt.
<4_Results/Figures/merged_2023-04-08_vbfhinv_full_analysis_NLO_VJets_09Apr23_thesis_v1/plotsSRAndCRFit/combined/vbf_2017_PULLS_MASKED_prefit_postfit_gjets_2017.pdf, id=12381, 439.6425pt x 569.12625pt>
File: 4_Results/Figures/merged_2023-04-08_vbfhinv_full_analysis_NLO_VJets_09Apr23_thesis_v1/plotsSRAndCRFit/combined/vbf_2017_PULLS_MASKED_prefit_postfit_gjets_2017.pdf Graphic file (type pdf)
<use 4_Results/Figures/merged_2023-04-08_vbfhinv_full_analysis_NLO_VJets_09Apr23_thesis_v1/plotsSRAndCRFit/combined/vbf_2017_PULLS_MASKED_prefit_postfit_gjets_2017.pdf>
Package pdftex.def Info: 4_Results/Figures/merged_2023-04-08_vbfhinv_full_analysis_NLO_VJets_09Apr23_thesis_v1/plotsSRAndCRFit/combined/vbf_2017_PULLS_MASKED_prefit_postfit_gjets_2017.pdf  used on input line 40.
(pdftex.def)             Requested size: 195.12767pt x 252.59604pt.
<4_Results/Figures/merged_2023-04-08_vbfhinv_full_analysis_NLO_VJets_09Apr23_thesis_v1/plotsSRAndCRFit/combined/vbf_2018_PULLS_MASKED_prefit_postfit_gjets_2018.pdf, id=12382, 439.6425pt x 569.12625pt>
File: 4_Results/Figures/merged_2023-04-08_vbfhinv_full_analysis_NLO_VJets_09Apr23_thesis_v1/plotsSRAndCRFit/combined/vbf_2018_PULLS_MASKED_prefit_postfit_gjets_2018.pdf Graphic file (type pdf)
<use 4_Results/Figures/merged_2023-04-08_vbfhinv_full_analysis_NLO_VJets_09Apr23_thesis_v1/plotsSRAndCRFit/combined/vbf_2018_PULLS_MASKED_prefit_postfit_gjets_2018.pdf>
Package pdftex.def Info: 4_Results/Figures/merged_2023-04-08_vbfhinv_full_analysis_NLO_VJets_09Apr23_thesis_v1/plotsSRAndCRFit/combined/vbf_2018_PULLS_MASKED_prefit_postfit_gjets_2018.pdf  used on input line 41.
(pdftex.def)             Requested size: 195.12767pt x 252.59604pt.


LaTeX Warning: Float too large for page by 46.89706pt on input line 49.

<4_Results/Figures/merged_2023-04-08_vbfhinv_full_analysis_NLO_VJets_09Apr23_thesis_v1/plotsSRAndCRFit/combined/vbf_2017_PULLS_MASKED_prefit_postfit_dielectron_2017.pdf, id=12383, 439.6425pt x 569.12625pt>
File: 4_Results/Figures/merged_2023-04-08_vbfhinv_full_analysis_NLO_VJets_09Apr23_thesis_v1/plotsSRAndCRFit/combined/vbf_2017_PULLS_MASKED_prefit_postfit_dielectron_2017.pdf Graphic file (type pdf)
<use 4_Results/Figures/merged_2023-04-08_vbfhinv_full_analysis_NLO_VJets_09Apr23_thesis_v1/plotsSRAndCRFit/combined/vbf_2017_PULLS_MASKED_prefit_postfit_dielectron_2017.pdf>
Package pdftex.def Info: 4_Results/Figures/merged_2023-04-08_vbfhinv_full_analysis_NLO_VJets_09Apr23_thesis_v1/plotsSRAndCRFit/combined/vbf_2017_PULLS_MASKED_prefit_postfit_dielectron_2017.pdf  used on input line 53.
(pdftex.def)             Requested size: 195.12767pt x 252.59604pt.
<4_Results/Figures/merged_2023-04-08_vbfhinv_full_analysis_NLO_VJets_09Apr23_thesis_v1/plotsSRAndCRFit/combined/vbf_2018_PULLS_MASKED_prefit_postfit_dielectron_2018.pdf, id=12384, 439.6425pt x 569.12625pt>
File: 4_Results/Figures/merged_2023-04-08_vbfhinv_full_analysis_NLO_VJets_09Apr23_thesis_v1/plotsSRAndCRFit/combined/vbf_2018_PULLS_MASKED_prefit_postfit_dielectron_2018.pdf Graphic file (type pdf)
<use 4_Results/Figures/merged_2023-04-08_vbfhinv_full_analysis_NLO_VJets_09Apr23_thesis_v1/plotsSRAndCRFit/combined/vbf_2018_PULLS_MASKED_prefit_postfit_dielectron_2018.pdf>
Package pdftex.def Info: 4_Results/Figures/merged_2023-04-08_vbfhinv_full_analysis_NLO_VJets_09Apr23_thesis_v1/plotsSRAndCRFit/combined/vbf_2018_PULLS_MASKED_prefit_postfit_dielectron_2018.pdf  used on input line 54.
(pdftex.def)             Requested size: 195.12767pt x 252.59604pt.
<4_Results/Figures/merged_2023-04-08_vbfhinv_full_analysis_NLO_VJets_09Apr23_thesis_v1/plotsSRAndCRFit/combined/vbf_2017_PULLS_MASKED_prefit_postfit_dimuon_2017.pdf, id=12385, 439.6425pt x 569.12625pt>
File: 4_Results/Figures/merged_2023-04-08_vbfhinv_full_analysis_NLO_VJets_09Apr23_thesis_v1/plotsSRAndCRFit/combined/vbf_2017_PULLS_MASKED_prefit_postfit_dimuon_2017.pdf Graphic file (type pdf)
<use 4_Results/Figures/merged_2023-04-08_vbfhinv_full_analysis_NLO_VJets_09Apr23_thesis_v1/plotsSRAndCRFit/combined/vbf_2017_PULLS_MASKED_prefit_postfit_dimuon_2017.pdf>
Package pdftex.def Info: 4_Results/Figures/merged_2023-04-08_vbfhinv_full_analysis_NLO_VJets_09Apr23_thesis_v1/plotsSRAndCRFit/combined/vbf_2017_PULLS_MASKED_prefit_postfit_dimuon_2017.pdf  used on input line 55.
(pdftex.def)             Requested size: 195.12767pt x 252.59604pt.
<4_Results/Figures/merged_2023-04-08_vbfhinv_full_analysis_NLO_VJets_09Apr23_thesis_v1/plotsSRAndCRFit/combined/vbf_2018_PULLS_MASKED_prefit_postfit_dimuon_2018.pdf, id=12386, 439.6425pt x 569.12625pt>
File: 4_Results/Figures/merged_2023-04-08_vbfhinv_full_analysis_NLO_VJets_09Apr23_thesis_v1/plotsSRAndCRFit/combined/vbf_2018_PULLS_MASKED_prefit_postfit_dimuon_2018.pdf Graphic file (type pdf)
<use 4_Results/Figures/merged_2023-04-08_vbfhinv_full_analysis_NLO_VJets_09Apr23_thesis_v1/plotsSRAndCRFit/combined/vbf_2018_PULLS_MASKED_prefit_postfit_dimuon_2018.pdf>
Package pdftex.def Info: 4_Results/Figures/merged_2023-04-08_vbfhinv_full_analysis_NLO_VJets_09Apr23_thesis_v1/plotsSRAndCRFit/combined/vbf_2018_PULLS_MASKED_prefit_postfit_dimuon_2018.pdf  used on input line 56.
(pdftex.def)             Requested size: 195.12767pt x 252.59604pt.
<4_Results/Figures/merged_2023-04-08_vbfhinv_full_analysis_NLO_VJets_09Apr23_thesis_v1/plotsSRAndCRFit/combined/vbf_2017_PULLS_MASKED_prefit_postfit_singleelectron_2017.pdf, id=12387, 439.6425pt x 569.12625pt>
File: 4_Results/Figures/merged_2023-04-08_vbfhinv_full_analysis_NLO_VJets_09Apr23_thesis_v1/plotsSRAndCRFit/combined/vbf_2017_PULLS_MASKED_prefit_postfit_singleelectron_2017.pdf Graphic file (type pdf)
<use 4_Results/Figures/merged_2023-04-08_vbfhinv_full_analysis_NLO_VJets_09Apr23_thesis_v1/plotsSRAndCRFit/combined/vbf_2017_PULLS_MASKED_prefit_postfit_singleelectron_2017.pdf>
Package pdftex.def Info: 4_Results/Figures/merged_2023-04-08_vbfhinv_full_analysis_NLO_VJets_09Apr23_thesis_v1/plotsSRAndCRFit/combined/vbf_2017_PULLS_MASKED_prefit_postfit_singleelectron_2017.pdf  used on input line 64.
(pdftex.def)             Requested size: 195.12767pt x 252.59604pt.
<4_Results/Figures/merged_2023-04-08_vbfhinv_full_analysis_NLO_VJets_09Apr23_thesis_v1/plotsSRAndCRFit/combined/vbf_2018_PULLS_MASKED_prefit_postfit_singleelectron_2018.pdf, id=12388, 439.6425pt x 569.12625pt>
File: 4_Results/Figures/merged_2023-04-08_vbfhinv_full_analysis_NLO_VJets_09Apr23_thesis_v1/plotsSRAndCRFit/combined/vbf_2018_PULLS_MASKED_prefit_postfit_singleelectron_2018.pdf Graphic file (type pdf)
<use 4_Results/Figures/merged_2023-04-08_vbfhinv_full_analysis_NLO_VJets_09Apr23_thesis_v1/plotsSRAndCRFit/combined/vbf_2018_PULLS_MASKED_prefit_postfit_singleelectron_2018.pdf>
Package pdftex.def Info: 4_Results/Figures/merged_2023-04-08_vbfhinv_full_analysis_NLO_VJets_09Apr23_thesis_v1/plotsSRAndCRFit/combined/vbf_2018_PULLS_MASKED_prefit_postfit_singleelectron_2018.pdf  used on input line 65.
(pdftex.def)             Requested size: 195.12767pt x 252.59604pt.
<4_Results/Figures/merged_2023-04-08_vbfhinv_full_analysis_NLO_VJets_09Apr23_thesis_v1/plotsSRAndCRFit/combined/vbf_2017_PULLS_MASKED_prefit_postfit_singlemuon_2017.pdf, id=12389, 439.6425pt x 569.12625pt>
File: 4_Results/Figures/merged_2023-04-08_vbfhinv_full_analysis_NLO_VJets_09Apr23_thesis_v1/plotsSRAndCRFit/combined/vbf_2017_PULLS_MASKED_prefit_postfit_singlemuon_2017.pdf Graphic file (type pdf)
<use 4_Results/Figures/merged_2023-04-08_vbfhinv_full_analysis_NLO_VJets_09Apr23_thesis_v1/plotsSRAndCRFit/combined/vbf_2017_PULLS_MASKED_prefit_postfit_singlemuon_2017.pdf>
Package pdftex.def Info: 4_Results/Figures/merged_2023-04-08_vbfhinv_full_analysis_NLO_VJets_09Apr23_thesis_v1/plotsSRAndCRFit/combined/vbf_2017_PULLS_MASKED_prefit_postfit_singlemuon_2017.pdf  used on input line 66.
(pdftex.def)             Requested size: 195.12767pt x 252.59604pt.
<4_Results/Figures/merged_2023-04-08_vbfhinv_full_analysis_NLO_VJets_09Apr23_thesis_v1/plotsSRAndCRFit/combined/vbf_2018_PULLS_MASKED_prefit_postfit_singlemuon_2018.pdf, id=12390, 439.6425pt x 569.12625pt>
File: 4_Results/Figures/merged_2023-04-08_vbfhinv_full_analysis_NLO_VJets_09Apr23_thesis_v1/plotsSRAndCRFit/combined/vbf_2018_PULLS_MASKED_prefit_postfit_singlemuon_2018.pdf Graphic file (type pdf)
<use 4_Results/Figures/merged_2023-04-08_vbfhinv_full_analysis_NLO_VJets_09Apr23_thesis_v1/plotsSRAndCRFit/combined/vbf_2018_PULLS_MASKED_prefit_postfit_singlemuon_2018.pdf>
Package pdftex.def Info: 4_Results/Figures/merged_2023-04-08_vbfhinv_full_analysis_NLO_VJets_09Apr23_thesis_v1/plotsSRAndCRFit/combined/vbf_2018_PULLS_MASKED_prefit_postfit_singlemuon_2018.pdf  used on input line 67.
(pdftex.def)             Requested size: 195.12767pt x 252.59604pt.
[167] [168 <./4_Results/Figures/merged_2023-04-08_vbfhinv_full_analysis_NLO_VJets_09Apr23_thesis_v1/plotsSRAndCRFit/combined/vbf_2017_PULLS_MASKED_prefit_postfit_signal_2017.pdf> <./4_Results/Figures/merged_2023-04-08_vbfhinv_full_analysis_NLO_VJets_09Apr23_thesis_v1/plotsSRAndCRFit/combined/vbf_2018_PULLS_MASKED_prefit_postfit_signal_2018.pdf> <./4_Results/Figures/merged_2023-04-08_vbfhinv_full_analysis_NLO_VJets_09Apr23_thesis_v1/plotsSRAndCRFit/combined/vbf_2017_PULLS_MASKED_prefit_postfit_gjets_2017.pdf> <./4_Results/Figures/merged_2023-04-08_vbfhinv_full_analysis_NLO_VJets_09Apr23_thesis_v1/plotsSRAndCRFit/combined/vbf_2018_PULLS_MASKED_prefit_postfit_gjets_2018.pdf>] [169 <./4_Results/Figures/merged_2023-04-08_vbfhinv_full_analysis_NLO_VJets_09Apr23_thesis_v1/plotsSRAndCRFit/combined/vbf_2017_PULLS_MASKED_prefit_postfit_dielectron_2017.pdf> <./4_Results/Figures/merged_2023-04-08_vbfhinv_full_analysis_NLO_VJets_09Apr23_thesis_v1/plotsSRAndCRFit/combined/vbf_2018_PULLS_MASKED_prefit_postfit_dielectron_2018.pdf> <./4_Results/Figures/merged_2023-04-08_vbfhinv_full_analysis_NLO_VJets_09Apr23_thesis_v1/plotsSRAndCRFit/combined/vbf_2017_PULLS_MASKED_prefit_postfit_dimuon_2017.pdf> <./4_Results/Figures/merged_2023-04-08_vbfhinv_full_analysis_NLO_VJets_09Apr23_thesis_v1/plotsSRAndCRFit/combined/vbf_2018_PULLS_MASKED_prefit_postfit_dimuon_2018.pdf>] [170 <./4_Results/Figures/merged_2023-04-08_vbfhinv_full_analysis_NLO_VJets_09Apr23_thesis_v1/plotsSRAndCRFit/combined/vbf_2017_PULLS_MASKED_prefit_postfit_singleelectron_2017.pdf> <./4_Results/Figures/merged_2023-04-08_vbfhinv_full_analysis_NLO_VJets_09Apr23_thesis_v1/plotsSRAndCRFit/combined/vbf_2018_PULLS_MASKED_prefit_postfit_singleelectron_2018.pdf> <./4_Results/Figures/merged_2023-04-08_vbfhinv_full_analysis_NLO_VJets_09Apr23_thesis_v1/plotsSRAndCRFit/combined/vbf_2017_PULLS_MASKED_prefit_postfit_singlemuon_2017.pdf> <./4_Results/Figures/merged_2023-04-08_vbfhinv_full_analysis_NLO_VJets_09Apr23_thesis_v1/plotsSRAndCRFit/combined/vbf_2018_PULLS_MASKED_prefit_postfit_singlemuon_2018.pdf>] (./4_Results/Tables/srcrfit_MTR_2017.tex)

LaTeX Warning: `!h' float specifier changed to `!ht'.

(./4_Results/Tables/srcrfit_MTR_2018.tex)

LaTeX Warning: `!h' float specifier changed to `!ht'.

[171] [172]) (./4_Results/combinations.tex [173


]
<4_Results/Figures/from_paper/SignalRegion_MTR_AllYears.pdf, id=12932, 569.12625pt x 552.0625pt>
File: 4_Results/Figures/from_paper/SignalRegion_MTR_AllYears.pdf Graphic file (type pdf)
<use 4_Results/Figures/from_paper/SignalRegion_MTR_AllYears.pdf>
Package pdftex.def Info: 4_Results/Figures/from_paper/SignalRegion_MTR_AllYears.pdf  used on input line 53.
(pdftex.def)             Requested size: 303.53267pt x 294.44496pt.
 [174] [175 <./4_Results/Figures/from_paper/SignalRegion_MTR_AllYears.pdf, page is rotated 90 degrees>] [176]) (./4_Results/interpretations.tex
<4_Results/Figures/from_paper/limits/limit_short.pdf, id=12986, 569.12625pt x 426.59375pt>
File: 4_Results/Figures/from_paper/limits/limit_short.pdf Graphic file (type pdf)
<use 4_Results/Figures/from_paper/limits/limit_short.pdf>
Package pdftex.def Info: 4_Results/Figures/from_paper/limits/limit_short.pdf  used on input line 20.
(pdftex.def)             Requested size: 303.53267pt x 227.52565pt.

Underfull \hbox (badness 1043) in paragraph at lines 24--24
[]\OT1/cmr/bx/n/12 Figure 4$\OMS/cmsy/m/n/12 ^^A$\OT1/cmr/bx/n/12 5: |\OT1/cmr/m/n/12 Ob-served and ex-pected 95% CL up-per lim-its on
 []


LaTeX Warning: `!h' float specifier changed to `!ht'.

[177

 <./4_Results/Figures/from_paper/limits/limit_short.pdf, page is rotated 90 degrees>] [178]
<4_Results/Figures/from_paper/DM_nucleon_xs.pdf, id=13036, 569.12625pt x 508.90125pt>
File: 4_Results/Figures/from_paper/DM_nucleon_xs.pdf Graphic file (type pdf)
<use 4_Results/Figures/from_paper/DM_nucleon_xs.pdf>
Package pdftex.def Info: 4_Results/Figures/from_paper/DM_nucleon_xs.pdf  used on input line 101.
(pdftex.def)             Requested size: 346.89731pt x 310.20412pt.
) (./4_Results/results.bbl [179] [180 <./4_Results/Figures/from_paper/DM_nucleon_xs.pdf, page is rotated 90 degrees>] [181])) [182]
\openout2 = `5_Outlook/outlook.aux'.

 (./5_Outlook/outlook.tex
Chapter 5.
[183






] [184] (./5_Outlook/hlt_improvements.tex [185]
<5_Outlook/Figures/HFFilter/merged_2022-04-11_hlt_11Apr22_MET_2018D/MET_2018D_sieie_sipip_ak4_abseta0_2_99_3_25_noise_enriched_mht_110.pdf, id=13102, 462.52798pt x 346.89601pt>
File: 5_Outlook/Figures/HFFilter/merged_2022-04-11_hlt_11Apr22_MET_2018D/MET_2018D_sieie_sipip_ak4_abseta0_2_99_3_25_noise_enriched_mht_110.pdf Graphic file (type pdf)
<use 5_Outlook/Figures/HFFilter/merged_2022-04-11_hlt_11Apr22_MET_2018D/MET_2018D_sieie_sipip_ak4_abseta0_2_99_3_25_noise_enriched_mht_110.pdf>
Package pdftex.def Info: 5_Outlook/Figures/HFFilter/merged_2022-04-11_hlt_11Apr22_MET_2018D/MET_2018D_sieie_sipip_ak4_abseta0_2_99_3_25_noise_enriched_mht_110.pdf  used on input line 49.
(pdftex.def)             Requested size: 195.12767pt x 146.34639pt.
<5_Outlook/Figures/HFFilter/merged_2022-04-12_hlt_11Apr22_EGamma_2018D/EGamma_2018D_sieie_sipip_ak4_abseta0_2_99_3_25_gammajet.pdf, id=13103, 462.52798pt x 346.89601pt>
File: 5_Outlook/Figures/HFFilter/merged_2022-04-12_hlt_11Apr22_EGamma_2018D/EGamma_2018D_sieie_sipip_ak4_abseta0_2_99_3_25_gammajet.pdf Graphic file (type pdf)
<use 5_Outlook/Figures/HFFilter/merged_2022-04-12_hlt_11Apr22_EGamma_2018D/EGamma_2018D_sieie_sipip_ak4_abseta0_2_99_3_25_gammajet.pdf>
Package pdftex.def Info: 5_Outlook/Figures/HFFilter/merged_2022-04-12_hlt_11Apr22_EGamma_2018D/EGamma_2018D_sieie_sipip_ak4_abseta0_2_99_3_25_gammajet.pdf  used on input line 50.
(pdftex.def)             Requested size: 195.12767pt x 146.34639pt.
<5_Outlook/Figures/HFFilter/merged_2022-04-11_hlt_11Apr22_MET_2018D/MET_2018D_cssize_adssize_ak4_abseta0_2_99_3_25_noise_enriched_mht_110.pdf, id=13104, 462.52798pt x 346.89601pt>
File: 5_Outlook/Figures/HFFilter/merged_2022-04-11_hlt_11Apr22_MET_2018D/MET_2018D_cssize_adssize_ak4_abseta0_2_99_3_25_noise_enriched_mht_110.pdf Graphic file (type pdf)
<use 5_Outlook/Figures/HFFilter/merged_2022-04-11_hlt_11Apr22_MET_2018D/MET_2018D_cssize_adssize_ak4_abseta0_2_99_3_25_noise_enriched_mht_110.pdf>
Package pdftex.def Info: 5_Outlook/Figures/HFFilter/merged_2022-04-11_hlt_11Apr22_MET_2018D/MET_2018D_cssize_adssize_ak4_abseta0_2_99_3_25_noise_enriched_mht_110.pdf  used on input line 51.
(pdftex.def)             Requested size: 195.12767pt x 146.34639pt.
<5_Outlook/Figures/HFFilter/merged_2022-04-12_hlt_11Apr22_EGamma_2018D/EGamma_2018D_cssize_adssize_ak4_abseta0_2_99_3_25_gammajet.pdf, id=13105, 462.52798pt x 346.89601pt>
File: 5_Outlook/Figures/HFFilter/merged_2022-04-12_hlt_11Apr22_EGamma_2018D/EGamma_2018D_cssize_adssize_ak4_abseta0_2_99_3_25_gammajet.pdf Graphic file (type pdf)
<use 5_Outlook/Figures/HFFilter/merged_2022-04-12_hlt_11Apr22_EGamma_2018D/EGamma_2018D_cssize_adssize_ak4_abseta0_2_99_3_25_gammajet.pdf>
Package pdftex.def Info: 5_Outlook/Figures/HFFilter/merged_2022-04-12_hlt_11Apr22_EGamma_2018D/EGamma_2018D_cssize_adssize_ak4_abseta0_2_99_3_25_gammajet.pdf  used on input line 52.
(pdftex.def)             Requested size: 195.12767pt x 146.34639pt.
 [186] [187 <./5_Outlook/Figures/HFFilter/merged_2022-04-11_hlt_11Apr22_MET_2018D/MET_2018D_sieie_sipip_ak4_abseta0_2_99_3_25_noise_enriched_mht_110.pdf> <./5_Outlook/Figures/HFFilter/merged_2022-04-12_hlt_11Apr22_EGamma_2018D/EGamma_2018D_sieie_sipip_ak4_abseta0_2_99_3_25_gammajet.pdf

pdfTeX warning: pdflatex (file ./5_Outlook/Figures/HFFilter/merged_2022-04-12_hlt_11Apr22_EGamma_2018D/EGamma_2018D_sieie_sipip_ak4_abseta0_2_99_3_25_gammajet.pdf): PDF inclusion: multiple pdfs with page group included in a single page
> <./5_Outlook/Figures/HFFilter/merged_2022-04-11_hlt_11Apr22_MET_2018D/MET_2018D_cssize_adssize_ak4_abseta0_2_99_3_25_noise_enriched_mht_110.pdf

pdfTeX warning: pdflatex (file ./5_Outlook/Figures/HFFilter/merged_2022-04-11_hlt_11Apr22_MET_2018D/MET_2018D_cssize_adssize_ak4_abseta0_2_99_3_25_noise_enriched_mht_110.pdf): PDF inclusion: multiple pdfs with page group included in a single page
> <./5_Outlook/Figures/HFFilter/merged_2022-04-12_hlt_11Apr22_EGamma_2018D/EGamma_2018D_cssize_adssize_ak4_abseta0_2_99_3_25_gammajet.pdf

pdfTeX warning: pdflatex (file ./5_Outlook/Figures/HFFilter/merged_2022-04-12_hlt_11Apr22_EGamma_2018D/EGamma_2018D_cssize_adssize_ak4_abseta0_2_99_3_25_gammajet.pdf): PDF inclusion: multiple pdfs with page group included in a single page
>] [188] [189]
<5_Outlook/Figures/HFFilter/merged_2022-10-27_hlt_Muon_2022_JMEtriggers/turnons_tr_metnomu.pdf, id=13332, 462.52798pt x 346.89601pt>
File: 5_Outlook/Figures/HFFilter/merged_2022-10-27_hlt_Muon_2022_JMEtriggers/turnons_tr_metnomu.pdf Graphic file (type pdf)
<use 5_Outlook/Figures/HFFilter/merged_2022-10-27_hlt_Muon_2022_JMEtriggers/turnons_tr_metnomu.pdf>
Package pdftex.def Info: 5_Outlook/Figures/HFFilter/merged_2022-10-27_hlt_Muon_2022_JMEtriggers/turnons_tr_metnomu.pdf  used on input line 140.
(pdftex.def)             Requested size: 195.12767pt x 146.34639pt.
<5_Outlook/Figures/HFFilter/merged_2022-10-27_hlt_Muon_2022_JMEtriggers/turnons_tr_metnomu_filterhf.pdf, id=13333, 462.52798pt x 346.89601pt>
File: 5_Outlook/Figures/HFFilter/merged_2022-10-27_hlt_Muon_2022_JMEtriggers/turnons_tr_metnomu_filterhf.pdf Graphic file (type pdf)
<use 5_Outlook/Figures/HFFilter/merged_2022-10-27_hlt_Muon_2022_JMEtriggers/turnons_tr_metnomu_filterhf.pdf>
Package pdftex.def Info: 5_Outlook/Figures/HFFilter/merged_2022-10-27_hlt_Muon_2022_JMEtriggers/turnons_tr_metnomu_filterhf.pdf  used on input line 141.
(pdftex.def)             Requested size: 195.12767pt x 146.34639pt.
 [190 <./5_Outlook/Figures/HFFilter/merged_2022-10-27_hlt_Muon_2022_JMEtriggers/turnons_tr_metnomu.pdf> <./5_Outlook/Figures/HFFilter/merged_2022-10-27_hlt_Muon_2022_JMEtriggers/turnons_tr_metnomu_filterhf.pdf

pdfTeX warning: pdflatex (file ./5_Outlook/Figures/HFFilter/merged_2022-10-27_hlt_Muon_2022_JMEtriggers/turnons_tr_metnomu_filterhf.pdf): PDF inclusion: multiple pdfs with page group included in a single page
>]
<5_Outlook/Figures/HFFilter/merged_2023-02-10_hlt_full_JetMET_2022_run/ak4_eta0_filterhf.pdf, id=13466, 505.89pt x 505.89pt>
File: 5_Outlook/Figures/HFFilter/merged_2023-02-10_hlt_full_JetMET_2022_run/ak4_eta0_filterhf.pdf Graphic file (type pdf)
<use 5_Outlook/Figures/HFFilter/merged_2023-02-10_hlt_full_JetMET_2022_run/ak4_eta0_filterhf.pdf>
Package pdftex.def Info: 5_Outlook/Figures/HFFilter/merged_2023-02-10_hlt_full_JetMET_2022_run/ak4_eta0_filterhf.pdf  used on input line 165.
(pdftex.def)             Requested size: 303.53267pt x 303.53633pt.
 [191] [192 <./5_Outlook/Figures/HFFilter/merged_2023-02-10_hlt_full_JetMET_2022_run/ak4_eta0_filterhf.pdf>]) (./5_Outlook/tracker_upgrade.tex
<5_Outlook/Figures/TrackerUpgrade/phase2_tracker_layout.jpeg, id=13532, 337.21182pt x 119.67912pt>
File: 5_Outlook/Figures/TrackerUpgrade/phase2_tracker_layout.jpeg Graphic file (type jpg)
<use 5_Outlook/Figures/TrackerUpgrade/phase2_tracker_layout.jpeg>
Package pdftex.def Info: 5_Outlook/Figures/TrackerUpgrade/phase2_tracker_layout.jpeg  used on input line 28.
(pdftex.def)             Requested size: 390.25534pt x 138.51376pt.
 [193

]
<5_Outlook/Figures/TrackerUpgrade/stub_ot_schematic.png, id=13537, 391.4625pt x 153.57375pt>
File: 5_Outlook/Figures/TrackerUpgrade/stub_ot_schematic.png Graphic file (type png)
<use 5_Outlook/Figures/TrackerUpgrade/stub_ot_schematic.png>
Package pdftex.def Info: 5_Outlook/Figures/TrackerUpgrade/stub_ot_schematic.png  used on input line 54.
(pdftex.def)             Requested size: 346.89731pt x 136.0967pt.
 [194 <./5_Outlook/Figures/TrackerUpgrade/phase2_tracker_layout.jpeg>]
<5_Outlook/Figures/TrackerUpgrade/daq_schematic.png, id=13541, 421.575pt x 171.64125pt>
File: 5_Outlook/Figures/TrackerUpgrade/daq_schematic.png Graphic file (type png)
<use 5_Outlook/Figures/TrackerUpgrade/daq_schematic.png>
Package pdftex.def Info: 5_Outlook/Figures/TrackerUpgrade/daq_schematic.png  used on input line 73.
(pdftex.def)             Requested size: 346.89731pt x 141.23909pt.
 [195 <./5_Outlook/Figures/TrackerUpgrade/stub_ot_schematic.png>] [196 <./5_Outlook/Figures/TrackerUpgrade/daq_schematic.png>]
<5_Outlook/Figures/TrackerUpgrade/Apollo/apollo_schematic.png, id=13550, 744.7825pt x 325.215pt>
File: 5_Outlook/Figures/TrackerUpgrade/Apollo/apollo_schematic.png Graphic file (type png)
<use 5_Outlook/Figures/TrackerUpgrade/Apollo/apollo_schematic.png>
Package pdftex.def Info: 5_Outlook/Figures/TrackerUpgrade/Apollo/apollo_schematic.png  used on input line 108.
(pdftex.def)             Requested size: 411.93767pt x 179.88112pt.
 [197 <./5_Outlook/Figures/TrackerUpgrade/Apollo/apollo_schematic.png>] [198] [199] [200]
<5_Outlook/Figures/TrackerUpgrade/SHEP_HERD.png, id=13565, 674.52pt x 361.35pt>
File: 5_Outlook/Figures/TrackerUpgrade/SHEP_HERD.png Graphic file (type png)
<use 5_Outlook/Figures/TrackerUpgrade/SHEP_HERD.png>
Package pdftex.def Info: 5_Outlook/Figures/TrackerUpgrade/SHEP_HERD.png  used on input line 223.
(pdftex.def)             Requested size: 390.25534pt x 209.07036pt.
 [201] [202 <./5_Outlook/Figures/TrackerUpgrade/SHEP_HERD.png>]) (./5_Outlook/vbfml.tex [203

]
<5_Outlook/Figures/VBFML/particlenet_arch.png, id=13577, 169.63374pt x 329.23pt>
File: 5_Outlook/Figures/VBFML/particlenet_arch.png Graphic file (type png)
<use 5_Outlook/Figures/VBFML/particlenet_arch.png>
Package pdftex.def Info: 5_Outlook/Figures/VBFML/particlenet_arch.png  used on input line 37.
(pdftex.def)             Requested size: 130.08731pt x 252.48807pt.
 [204 <./5_Outlook/Figures/VBFML/particlenet_arch.png>] [205]
<5_Outlook/Figures/VBFML/sr_vbf_no_veto_all_particlenet_score.pdf, id=13586, 462.52798pt x 346.89601pt>
File: 5_Outlook/Figures/VBFML/sr_vbf_no_veto_all_particlenet_score.pdf Graphic file (type pdf)
<use 5_Outlook/Figures/VBFML/sr_vbf_no_veto_all_particlenet_score.pdf>
Package pdftex.def Info: 5_Outlook/Figures/VBFML/sr_vbf_no_veto_all_particlenet_score.pdf  used on input line 82.
(pdftex.def)             Requested size: 346.89731pt x 260.18724pt.
<5_Outlook/Figures/VBFML/ggH_vs_vbfH_ROC.pdf, id=13587, 462.52798pt x 346.89601pt>
File: 5_Outlook/Figures/VBFML/ggH_vs_vbfH_ROC.pdf Graphic file (type pdf)
<use 5_Outlook/Figures/VBFML/ggH_vs_vbfH_ROC.pdf>
Package pdftex.def Info: 5_Outlook/Figures/VBFML/ggH_vs_vbfH_ROC.pdf  used on input line 91.
(pdftex.def)             Requested size: 346.89731pt x 260.18724pt.
<5_Outlook/Figures/VBFML/ggH_score_overlayed_detajj.pdf, id=13588, 462.52798pt x 346.89601pt>
File: 5_Outlook/Figures/VBFML/ggH_score_overlayed_detajj.pdf Graphic file (type pdf)
<use 5_Outlook/Figures/VBFML/ggH_score_overlayed_detajj.pdf>
Package pdftex.def Info: 5_Outlook/Figures/VBFML/ggH_score_overlayed_detajj.pdf  used on input line 101.
(pdftex.def)             Requested size: 195.12767pt x 146.34639pt.
<5_Outlook/Figures/VBFML/ggH_score_overlayed_trailak4_eta.pdf, id=13589, 462.52798pt x 346.89601pt>
File: 5_Outlook/Figures/VBFML/ggH_score_overlayed_trailak4_eta.pdf Graphic file (type pdf)
<use 5_Outlook/Figures/VBFML/ggH_score_overlayed_trailak4_eta.pdf>
Package pdftex.def Info: 5_Outlook/Figures/VBFML/ggH_score_overlayed_trailak4_eta.pdf  used on input line 102.
(pdftex.def)             Requested size: 195.12767pt x 146.34639pt.
 [206] [207 <./5_Outlook/Figures/VBFML/sr_vbf_no_veto_all_particlenet_score.pdf>] [208 <./5_Outlook/Figures/VBFML/ggH_vs_vbfH_ROC.pdf>] [209 <./5_Outlook/Figures/VBFML/ggH_score_overlayed_detajj.pdf> <./5_Outlook/Figures/VBFML/ggH_score_overlayed_trailak4_eta.pdf

pdfTeX warning: pdflatex (file ./5_Outlook/Figures/VBFML/ggH_score_overlayed_trailak4_eta.pdf): PDF inclusion: multiple pdfs with page group included in a single page
>]
<5_Outlook/Figures/VBFML/cr_1e_vbf_data_mc_particlenet_score_2018.pdf, id=13784, 505.89pt x 505.89pt>
File: 5_Outlook/Figures/VBFML/cr_1e_vbf_data_mc_particlenet_score_2018.pdf Graphic file (type pdf)
<use 5_Outlook/Figures/VBFML/cr_1e_vbf_data_mc_particlenet_score_2018.pdf>
Package pdftex.def Info: 5_Outlook/Figures/VBFML/cr_1e_vbf_data_mc_particlenet_score_2018.pdf  used on input line 128.
(pdftex.def)             Requested size: 195.12767pt x 195.12718pt.
<5_Outlook/Figures/VBFML/cr_1m_vbf_data_mc_particlenet_score_2018.pdf, id=13785, 505.89pt x 505.89pt>
File: 5_Outlook/Figures/VBFML/cr_1m_vbf_data_mc_particlenet_score_2018.pdf Graphic file (type pdf)
<use 5_Outlook/Figures/VBFML/cr_1m_vbf_data_mc_particlenet_score_2018.pdf>
Package pdftex.def Info: 5_Outlook/Figures/VBFML/cr_1m_vbf_data_mc_particlenet_score_2018.pdf  used on input line 129.
(pdftex.def)             Requested size: 195.12767pt x 195.12718pt.
<5_Outlook/Figures/VBFML/cr_2e_vbf_data_mc_particlenet_score_2018.pdf, id=13786, 505.89pt x 505.89pt>
File: 5_Outlook/Figures/VBFML/cr_2e_vbf_data_mc_particlenet_score_2018.pdf Graphic file (type pdf)
<use 5_Outlook/Figures/VBFML/cr_2e_vbf_data_mc_particlenet_score_2018.pdf>
Package pdftex.def Info: 5_Outlook/Figures/VBFML/cr_2e_vbf_data_mc_particlenet_score_2018.pdf  used on input line 130.
(pdftex.def)             Requested size: 195.12767pt x 195.12718pt.
<5_Outlook/Figures/VBFML/cr_2m_vbf_data_mc_particlenet_score_2018.pdf, id=13787, 505.89pt x 505.89pt>
File: 5_Outlook/Figures/VBFML/cr_2m_vbf_data_mc_particlenet_score_2018.pdf Graphic file (type pdf)
<use 5_Outlook/Figures/VBFML/cr_2m_vbf_data_mc_particlenet_score_2018.pdf>
Package pdftex.def Info: 5_Outlook/Figures/VBFML/cr_2m_vbf_data_mc_particlenet_score_2018.pdf  used on input line 131.
(pdftex.def)             Requested size: 195.12767pt x 195.12718pt.
 [210

] [211 <./5_Outlook/Figures/VBFML/cr_1e_vbf_data_mc_particlenet_score_2018.pdf> <./5_Outlook/Figures/VBFML/cr_1m_vbf_data_mc_particlenet_score_2018.pdf

pdfTeX warning: pdflatex (file ./5_Outlook/Figures/VBFML/cr_1m_vbf_data_mc_particlenet_score_2018.pdf): PDF inclusion: multiple pdfs with page group included in a single page
> <./5_Outlook/Figures/VBFML/cr_2e_vbf_data_mc_particlenet_score_2018.pdf

pdfTeX warning: pdflatex (file ./5_Outlook/Figures/VBFML/cr_2e_vbf_data_mc_particlenet_score_2018.pdf): PDF inclusion: multiple pdfs with page group included in a single page
> <./5_Outlook/Figures/VBFML/cr_2m_vbf_data_mc_particlenet_score_2018.pdf

pdfTeX warning: pdflatex (file ./5_Outlook/Figures/VBFML/cr_2m_vbf_data_mc_particlenet_score_2018.pdf): PDF inclusion: multiple pdfs with page group included in a single page
>]
<5_Outlook/Figures/VBFML/combined_combinedW_cat_vbf_2018_2018ratio.pdf, id=14059, 545.03625pt x 569.12625pt>
File: 5_Outlook/Figures/VBFML/combined_combinedW_cat_vbf_2018_2018ratio.pdf Graphic file (type pdf)
<use 5_Outlook/Figures/VBFML/combined_combinedW_cat_vbf_2018_2018ratio.pdf>
Package pdftex.def Info: 5_Outlook/Figures/VBFML/combined_combinedW_cat_vbf_2018_2018ratio.pdf  used on input line 169.
(pdftex.def)             Requested size: 195.12767pt x 203.74767pt.
<5_Outlook/Figures/VBFML/combined_gjets_cat_vbf_2018_2018ratio.pdf, id=14060, 545.03625pt x 569.12625pt>
File: 5_Outlook/Figures/VBFML/combined_gjets_cat_vbf_2018_2018ratio.pdf Graphic file (type pdf)
<use 5_Outlook/Figures/VBFML/combined_gjets_cat_vbf_2018_2018ratio.pdf>
Package pdftex.def Info: 5_Outlook/Figures/VBFML/combined_gjets_cat_vbf_2018_2018ratio.pdf  used on input line 170.
(pdftex.def)             Requested size: 195.12767pt x 203.74767pt.
 [212]) [213 <./5_Outlook/Figures/VBFML/combined_combinedW_cat_vbf_2018_2018ratio.pdf> <./5_Outlook/Figures/VBFML/combined_gjets_cat_vbf_2018_2018ratio.pdf>] (./5_Outlook/outlook.bbl [214])) [215] (./thesis.aux (./commands.aux) (./0_Prelim/prelim.aux) (./1_TheoreticalBackground/theory.aux) (./2_Experimental_Apparatus/apparatus.aux) (./3_DataAnalysisStrategy/strategy.aux) (./4_Results/results.aux) (./5_Outlook/outlook.aux)) ) 
Here is how much of TeX's memory you used:
 8587 strings out of 478268
 302433 string characters out of 5846347
 434759 words of memory out of 5000000
 26280 multiletter control sequences out of 15000+600000
 485554 words of font info for 88 fonts, out of 8000000 for 9000
 1141 hyphenation exceptions out of 8191
 55i,20n,63p,1009b,433s stack positions out of 10000i,1000n,20000p,200000b,200000s
{/usr/local/texlive/2022/texmf-dist/fonts/enc/dvips/cm-super/cm-super-ts1.enc}</usr/local/texlive/2022/texmf-dist/fonts/type1/public/amsfonts/cm/cmbx10.pfb></usr/local/texlive/2022/texmf-dist/fonts/type1/public/amsfonts/cm/cmbx12.pfb></usr/local/texlive/2022/texmf-dist/fonts/type1/public/amsfonts/cm/cmbx8.pfb></usr/local/texlive/2022/texmf-dist/fonts/type1/public/amsfonts/cm/cmex10.pfb></usr/local/texlive/2022/texmf-dist/fonts/type1/public/amsfonts/cm/cmmi10.pfb></usr/local/texlive/2022/texmf-dist/fonts/type1/public/amsfonts/cm/cmmi12.pfb></usr/local/texlive/2022/texmf-dist/fonts/type1/public/amsfonts/cm/cmmi5.pfb></usr/local/texlive/2022/texmf-dist/fonts/type1/public/amsfonts/cm/cmmi6.pfb></usr/local/texlive/2022/texmf-dist/fonts/type1/public/amsfonts/cm/cmmi7.pfb></usr/local/texlive/2022/texmf-dist/fonts/type1/public/amsfonts/cm/cmmi8.pfb></usr/local/texlive/2022/texmf-dist/fonts/type1/public/amsfonts/cm/cmmib10.pfb></usr/local/texlive/2022/texmf-dist/fonts/type1/public/amsfonts/cm/cmr10.pfb></usr/local/texlive/2022/texmf-dist/fonts/type1/public/amsfonts/cm/cmr12.pfb></usr/local/texlive/2022/texmf-dist/fonts/type1/public/amsfonts/cm/cmr6.pfb></usr/local/texlive/2022/texmf-dist/fonts/type1/public/amsfonts/cm/cmr7.pfb></usr/local/texlive/2022/texmf-dist/fonts/type1/public/amsfonts/cm/cmr8.pfb></usr/local/texlive/2022/texmf-dist/fonts/type1/public/amsfonts/cm/cmsy10.pfb></usr/local/texlive/2022/texmf-dist/fonts/type1/public/amsfonts/cm/cmsy5.pfb></usr/local/texlive/2022/texmf-dist/fonts/type1/public/amsfonts/cm/cmsy6.pfb></usr/local/texlive/2022/texmf-dist/fonts/type1/public/amsfonts/cm/cmsy7.pfb></usr/local/texlive/2022/texmf-dist/fonts/type1/public/amsfonts/cm/cmsy8.pfb></usr/local/texlive/2022/texmf-dist/fonts/type1/public/amsfonts/cm/cmti10.pfb></usr/local/texlive/2022/texmf-dist/fonts/type1/public/amsfonts/cm/cmti12.pfb></usr/local/texlive/2022/texmf-dist/fonts/type1/public/amsfonts/cm/cmtt12.pfb></usr/local/texlive/2022/texmf-dist/fonts/type1/public/amsfonts/symbols/msam10.pfb></usr/local/texlive/2022/texmf-dist/fonts/type1/public/amsfonts/symbols/msbm10.pfb></usr/local/texlive/2022/texmf-dist/fonts/type1/public/cm-super/sfrm1200.pfb>
Output written on thesis.pdf (221 pages, 10263635 bytes).
PDF statistics:
 14281 PDF objects out of 15390 (max. 8388607)
 3580 compressed objects within 36 object streams
 0 named destinations out of 1000 (max. 500000)
 1201 words of extra memory for PDF output out of 10000 (max. 10000000)

